id,domain,status,purchase_price,renewal_price,attractiveness,demand,length,registrar,created_at,expires_at,status_verified_at
cf9c7d40-3d3b-4f4a-a4a9-c3fb1d54d608,agrology.haus,available,11.98,37.98,medium,low,8,namecheap,,,17/09/2026 19:36
fa6bee83-1cb6-4c5b-bbe7-d3b8c0065d61,untaped.haus,available,11.98,37.98,low,low,7,namecheap,,,12/09/2026 10:16
964218fc-e2ae-45b3-8895-eaaa5a04ac68,auspicate.haus,available,14.99,33.99,medium,low,9,namesilo,,,21/09/2026 03:29
9baf15d3-97b5-4289-9589-8a0d3eb01c40,glaring.haus,available,11.98,37.98,high,low,7,namecheap,,,10/08/2026 13:47
4cc1f0e9-14ab-4c49-8c9d-5ec3800f6100,thb.haus,available,14.99,33.99,high,low,3,namesilo,,,21/09/2026 14:19
3ef602ba-a0fc-4383-9f83-c27cd34d0e7d,lumpish.haus,available,11.98,37.98,medium,low,7,namecheap,,,24/08/2026 11:12
d6bbefd0-3c03-453f-85d2-b868bafbb4f4,eudaimonia.haus,available,11.98,37.98,high,low,10,namecheap,,,12/09/2026 23:00
47829db0-50c1-4ae1-a715-3325c8e88f96,predilection.haus,available,19.99,,high,low,12,name.com,,,
96ee2040-9e93-4bd3-8f62-e2ab44b44ee2,sumbuddy.haus,available,19.99,,low,low,8,name.com,,,
a234c1e3-fbd7-4908-a9c0-1b186e15ff3d,quiver.haus,available,11.98,37.98,high,low,6,namecheap,,,11/09/2026 19:13
3261ddfc-57ca-4ba9-b278-1561b53745fe,casteless.haus,available,11.98,37.98,medium,low,9,namecheap,,,11/08/2026 20:25
cdeb97e4-6e4d-429a-9bc5-3113306913ce,skag.haus,available,14.99,33.99,medium,low,4,namesilo,,,23/09/2026 14:39
0e79269a-91be-4382-b9a4-a5ad8da69d65,apiarian.haus,available,11.98,37.98,medium,low,8,namecheap,,,05/08/2026 23:53
f282b9b0-5229-4ed0-8269-793db9e5ce2a,magnified.haus,available,11.98,37.98,high,low,9,namecheap,,,24/08/2026 13:08
fddbc90a-bb36-439d-b27d-ed414dde5ca8,knowledgeable.haus,available,11.98,37.98,high,low,13,namecheap,,,25/09/2026 05:42
d1be2123-2bc5-4087-b1f6-1e90286bf27f,acceptable.haus,available,11.98,37.98,high,low,10,namecheap,,,21/09/2026 15:23
82b3bc83-efd2-41f8-a22b-c680776c4740,intersection.haus,available,19.99,,high,low,12,name.com,,,
d89896fe-1f48-43f0-827b-5642ca92dde9,balarama.haus,available,11.98,37.98,medium,low,8,namecheap,,,21/09/2026 21:06
d01fc692-aa4d-4fce-93cf-ffe97947b4d2,anhinga.haus,available,14.99,33.99,medium,low,7,namesilo,,,19/09/2026 08:18
a3de5636-33a0-49b2-88ea-a1394ca51931,wisely.haus,available,11.98,37.98,high,low,6,namecheap,,,16/09/2026 00:29
f0238846-4b8b-452a-a0eb-24b659f61cc6,streetfighter.haus,available,19.99,,medium,low,14,name.com,,,
d56faf80-3755-4880-9dc5-ed06ef1ea1fa,shaggy.haus,available,11.98,37.98,high,low,6,namecheap,,,11/08/2026 11:17
62b5d3da-b655-47a9-8eca-c4cf1ed233c7,anionic.haus,available,11.98,37.98,medium,low,7,namecheap,,,
3c397fab-16ab-40ce-a734-62d5de53fe2c,smoky.haus,available,11.98,37.98,medium,low,5,namecheap,,,10/09/2026 11:59
b939ba57-849a-474f-8196-08da20a88464,wore.haus,available,19.99,,medium,low,4,name.com,,,
6b6a4b5c-6035-4b43-850d-4285ff074b0f,enactment.haus,available,11.98,37.98,high,low,9,namecheap,,,17/09/2026 04:06
62c5621d-4170-4df0-96ca-8dbd9fb5f7f4,chiliad.haus,available,11.98,37.98,high,low,7,namecheap,,,
e01ba700-f5a7-4ca8-88d8-428df6739653,crude.haus,available,11.98,37.98,high,low,5,namecheap,,,24/09/2026 02:12
b5dbe8b9-7fba-4c04-a168-09fae3dfa48e,bracing.haus,available,11.98,37.98,high,low,7,namecheap,,,11/08/2026 00:30
0c790a8f-e39b-4d23-a4f5-55a4c64bed97,chock.haus,available,11.98,37.98,medium,low,5,namecheap,,,14/09/2026 06:47
387b64af-e90b-421a-be56-ed9d22ed0421,alumna.haus,available,11.98,37.98,high,low,6,namecheap,,,20/08/2026 17:44
a0eff8b3-79fd-49c1-a5d2-3df4d79e92d6,antilog.haus,available,14.99,33.99,medium,low,7,namesilo,,,19/09/2026 14:38
b8e78a2f-a347-48cc-882e-2bf803135ed9,judy.haus,available,14.99,33.99,high,low,4,namesilo,,,25/09/2026 11:45
72decc8e-7287-462d-a621-f7bd04fc8e3b,loop.haus,available,,,high,high,4,,,,
b24c2f5f-e0ac-4438-893b-c3fa1c69b16f,conniption.haus,available,11.98,37.98,medium,low,10,namecheap,,,18/08/2026 05:43
cd6c0308-9d27-48c3-b257-020c365db81f,supper.haus,available,19.99,,high,low,6,name.com,,,
245b0f2a-f811-4462-9df3-06e0df026e5c,bearnaise.haus,available,11.98,37.98,medium,low,9,namecheap,,,22/09/2026 21:23
0b0be55c-21d3-4790-bfd3-49d3796e85a7,stylized.haus,available,11.98,37.98,high,low,8,namecheap,,,08/09/2026 05:30
b2375d63-ee01-459c-a7c8-0acc794323bc,pancreatic.haus,available,11.98,37.98,medium,low,10,namecheap,,,05/09/2026 00:36
7b5485b5-9e34-46bd-831f-bfa04ed57a0b,acrostic.haus,available,14.99,33.99,medium,low,8,namesilo,,,17/09/2026 03:59
80d1f251-5835-4393-a9d0-f41d7922e527,pasta.haus,resell,,,high,low,5,united-domains GmbH,06/09/2014 12:45,06/09/2027 12:45,24/09/2026 05:43
89dd65c1-4a95-4f52-816d-a4dfc587041f,ballroom.haus,available,19.99,,high,low,8,name.com,,,
e970a3cf-13f0-4136-923a-93090c87ed8e,brawny.haus,available,11.98,37.98,high,low,6,namecheap,,,11/08/2026 02:47
51e3bf99-f9be-4332-88b9-21c339c4d07b,squeaking.haus,available,11.98,37.98,medium,low,9,namecheap,,,10/09/2026 00:03
3235f5bf-3a57-457b-af1b-eee4b5f06551,ruined.haus,available,19.99,,high,low,6,name.com,,,
10cd5c3d-03e1-4f35-a71b-c78fd6b46a2b,immortal.haus,available,11.98,37.98,high,low,8,namecheap,,,21/08/2026 21:12
eb73441f-dbb3-4d99-b5a2-d0a788be31ff,tare.haus,available,11.98,37.98,high,low,4,namecheap,,,22/09/2026 21:12
42da58ce-58ce-4e35-9256-938b229ece4c,scrutinize.haus,available,14.99,33.99,high,low,10,namesilo,,,21/09/2026 03:06
c856cc2f-7201-4583-8bed-88432ba820e7,wistful.haus,available,11.98,37.98,high,low,7,namecheap,,,13/09/2026 12:45
86c8b3e0-b621-4b55-91d9-da79b1a0315c,monastic.haus,available,11.98,37.98,medium,low,8,namecheap,,,12/08/2026 11:57
27913f61-e6eb-4fab-b487-ca938b429f5c,brazenly.haus,available,11.98,37.98,medium,low,8,namecheap,,,14/09/2026 01:24
b3baef8b-0469-4987-b61f-af6c2e6be59d,pondering.haus,available,11.98,37.98,high,low,9,namecheap,,,11/08/2026 06:01
3b86dfe4-89d1-4ef9-8c33-91ccb780594e,pochard.haus,available,14.99,33.99,medium,low,7,namesilo,,,21/09/2026 10:48
c8ca6a2c-2ec3-4cb0-8614-8176d374aee7,hospitable.haus,available,11.98,37.98,high,low,10,namecheap,,,21/08/2026 14:16
ec7b1e02-0870-4478-af79-673f06ba6ce4,inhabit.haus,available,11.98,37.98,high,low,7,namecheap,,,24/08/2026 07:51
d02e51ba-3592-497c-a80e-2c642837c855,flu.haus,available,19.99,,high,low,3,name.com,,,
c8d35239-f9f6-4a2a-b6e8-93f886387f72,fascinated.haus,available,11.98,37.98,high,low,10,namecheap,,,24/09/2026 17:12
8af863dd-8024-470d-811b-59cafb1b76f5,unrealized.haus,available,11.98,37.98,medium,low,10,namecheap,,,12/09/2026 11:00
e920ceda-16cf-488c-9768-10102647b17d,eagre.haus,available,11.98,37.98,medium,low,5,namecheap,,,14/08/2026 22:16
7ab77251-d32f-44cd-b0b9-e688fba7c319,monogenic.haus,available,11.98,37.98,medium,low,9,namecheap,,,25/08/2026 05:13
591eeef4-058b-47e6-aa42-d6d8738418b3,sectarian.haus,available,11.98,37.98,medium,low,9,namecheap,,,10/09/2026 01:13
23a84e14-0de9-44b0-9035-0deaf42c5100,alternative.haus,available,14.99,33.99,high,low,11,namesilo,,,26/09/2026 00:42
d5a38307-143f-4e7f-a46b-29b7a34e77c1,reclusive.haus,available,11.98,37.98,medium,low,9,namecheap,,,09/09/2026 11:40
cd04aabe-1981-4095-b174-225d9bf9c192,peninsula.haus,available,19.99,,high,low,9,name.com,,,
f0bdeb3b-b948-450a-9081-62b82b576f9e,dimorphic.haus,available,11.98,37.98,medium,low,9,namecheap,,,14/08/2026 08:09
6169ced9-b636-4147-b4a5-8727a76e4807,slip.haus,available,19.99,,high,low,4,name.com,,,
bd562a2a-cdda-4cad-8a6b-1d2138294c67,volume.haus,available,19.99,,high,low,6,name.com,,,
baa62bd1-2666-4c4e-bc82-8b7ef94d7d14,punter.haus,available,19.99,,medium,low,6,name.com,,,
bd4e569a-d2b4-4423-9121-ffd643e68611,basque.haus,available,14.99,33.99,high,low,6,namesilo,,,22/09/2026 11:41
d4e52dbb-3e9e-425d-9afc-76b5ff6a89a2,lightwood.haus,available,11.98,37.98,medium,low,9,namecheap,,,16/09/2026 20:15
99ea95d1-b34b-453b-ab68-e568b5850856,asphalt.haus,available,14.99,33.99,high,low,7,namesilo,,,20/09/2026 15:08
9709a4ee-458e-4a57-be70-93109f493ee5,cafe.haus,resell,,,high,low,4,Porkbun LLC,08/06/2026 17:30,08/06/2027 17:30,26/09/2026 04:42
00fc3af7-9c3f-40f6-b0bc-ff6ed2fe99ec,fogey.haus,available,11.98,37.98,medium,low,5,namecheap,,,18/08/2026 13:10
5fbeae2f-1747-4668-ba30-48de9d371fd0,niches.haus,available,14.99,33.99,medium,low,6,namesilo,,,20/09/2026 09:56
19ee174e-321b-49fb-99d6-f6ba1e3db459,communities.haus,available,14.99,33.99,high,low,11,namesilo,,,17/09/2026 18:41
5df243bd-74eb-417e-bd8c-bb9370296831,reclaimed.haus,available,11.98,37.98,high,low,9,namecheap,,,09/09/2026 11:36
9ceb5279-3b7f-4207-9857-70cf0bbd75d9,birth.haus,available,19.99,,high,low,5,name.com,,,
b5733c95-9e8e-43bf-bc83-6026574d4ac9,officious.haus,available,11.98,37.98,medium,low,9,namecheap,,,11/08/2026 11:26
5d670714-9049-4a61-b99c-fca4df95b17a,inmost.haus,available,11.98,37.98,high,low,6,namecheap,,,22/08/2026 05:51
c7eaeddc-13b5-4284-9344-4984ef69a909,inventory.haus,available,14.99,33.99,high,low,9,namesilo,,,23/09/2026 08:19
95115525-714c-4669-9097-6dc02b327c20,plot.haus,available,14.99,33.99,high,low,4,namesilo,,,24/09/2026 22:09
a3a08a95-5ddf-4378-ba62-47f55523d4c4,dexterous.haus,available,11.98,37.98,high,low,9,namecheap,,,13/08/2026 23:51
031e7c35-eb1a-4a92-abbb-5e0db1831a19,evanescent.haus,available,11.98,37.98,high,low,10,namecheap,,,17/08/2026 14:37
164e261e-2e70-48f8-854a-2d5f3ecf32dc,mouthy.haus,available,19.99,,medium,low,6,name.com,,,
0710a8bd-3a98-4bb9-8678-b094a1e62fe5,moderately.haus,available,14.99,33.99,medium,low,10,namesilo,,,25/09/2026 12:00
42791615-a6d5-407d-906d-e9a19b4ae6aa,genial.haus,available,14.99,33.99,high,low,6,namesilo,,,21/09/2026 21:42
bcd40f10-d6ae-452e-85ca-5d7467cab60c,metaphoric.haus,available,11.98,37.98,high,low,10,namecheap,,,24/08/2026 21:45
beaafedb-1b49-430f-a94f-0516e0378d56,cretaceous.haus,available,11.98,37.98,medium,low,10,namecheap,,,13/08/2026 06:22
8053de29-56b2-4ae5-9d24-71ad5218b6e1,later.haus,available,14.99,33.99,high,low,5,namesilo,,,21/09/2026 22:11
4955a951-bf93-4f4c-8a4f-5526befa0b51,lava.haus,available,19.99,,high,low,4,name.com,,,
636eefb3-da85-4d1e-b5ed-df3598cc7207,regardless.haus,available,19.99,,high,low,10,name.com,,,
5eaabf30-e7cb-4fcb-83de-3cf701a2ca07,rigorous.haus,available,19.99,,high,low,8,name.com,,,
8f013b13-ac7d-40bf-a4a9-a55ffb6a6d54,agamid.haus,available,14.99,33.99,medium,low,6,namesilo,,,17/09/2026 16:08
4d10f3f8-e88b-4b9a-af40-c1a293ad367c,ascribe.haus,available,14.99,33.99,high,low,7,namesilo,,,21/09/2026 02:19
92d8f57d-466d-4d2a-b676-775cdb474e74,spiritual.haus,available,11.98,37.98,high,low,9,namecheap,,,06/08/2026 05:42
ee58f4cc-2986-4f2f-b9ac-325c06ccf974,grumbling.haus,available,11.98,37.98,medium,low,9,namecheap,,,20/08/2026 20:33
2ba7fb01-3054-4824-9c90-37397ff3397a,navarino.haus,available,14.99,33.99,medium,low,8,namesilo,,,22/09/2026 15:32
8a70c0d6-5dd1-4074-9e55-e6c52003ea22,anzio.haus,available,14.99,33.99,medium,low,5,namesilo,,,19/09/2026 16:01
41e6486a-8c34-499a-a079-63a8f9dfbd89,expire.haus,available,19.99,,medium,low,6,name.com,,,
9cfbbdb0-89ef-42cf-a84e-a5e642529e9e,shout.haus,available,19.99,,high,low,5,name.com,,,
76dfe816-91c6-4684-aedc-19907af584c8,colorise.haus,available,11.98,37.98,high,low,8,namecheap,,,12/08/2026 17:36
0d21acce-391b-4239-84ac-45fa3edf1908,subalpine.haus,available,11.98,37.98,medium,low,9,namecheap,,,
e3e9e94b-a59b-416d-bbc1-0d9b79b0d06b,fundamentals.haus,available,19.99,43.99,high,low,12,name.com,,,17/09/2026 09:40
7c083257-affd-4ef5-b76a-5203eb99c1bd,cops.haus,available,11.98,37.98,high,low,4,namecheap,,,18/09/2026 22:05
5f431623-9612-431e-886e-099664faed0a,cluttered.haus,available,11.98,37.98,medium,low,9,namecheap,,,12/08/2026 13:12
97dcacb1-a66a-46bd-b2eb-7f3abf047d55,hitting.haus,available,19.99,43.99,high,low,7,name.com,,,25/09/2026 07:22
8b3b4def-22ec-4f3b-a53d-ab697d321ad5,audacity.haus,available,14.99,33.99,high,low,8,namesilo,,,21/09/2026 02:47
3c037dac-e361-4dd2-9cd5-f173c0969ebd,privily.haus,available,11.98,37.98,medium,low,7,namecheap,,,15/09/2026 21:31
210fba94-9c6b-470d-8bc8-de175d2d0f01,intensely.haus,available,11.98,37.98,high,low,9,namecheap,,,15/09/2026 08:54
741a5d34-2170-4f84-9d93-dcfaea7ee0db,clad.haus,available,11.98,37.98,high,low,4,namecheap,,,12/08/2026 09:13
1b2336ef-7ec8-4703-ae34-6537cc6d2d86,blackish.haus,available,11.98,37.98,medium,low,8,namecheap,,,10/08/2026 12:03
b9eb1453-6c6b-4be9-8e2b-0ea3adc9efe4,backspacer.haus,available,14.99,33.99,medium,low,10,namesilo,,,21/09/2026 16:02
bbf5f10a-ad50-424c-b038-35a8342054ad,playacting.haus,available,11.98,37.98,medium,low,10,namecheap,,,
796a0940-9312-4f33-983e-859dc5d07544,venial.haus,available,11.98,37.98,medium,low,6,namecheap,,,18/08/2026 12:00
baab432f-3d1d-478e-8900-f5372c86a4e3,wayward.haus,available,11.98,37.98,high,low,7,namecheap,,,13/09/2026 08:49
127d145e-702b-4f2d-9db5-35661dd7c75a,dourly.haus,available,11.98,37.98,low,low,6,namecheap,,,14/09/2026 13:56
30abbe90-831c-4f1c-bd6b-7cc64539954d,whacked.haus,available,11.98,37.98,medium,low,7,namecheap,,,13/09/2026 11:08
2259eeb6-7e22-4c38-bf9d-92460606d676,neighbour.haus,available,19.99,,high,low,9,name.com,,,
0039c5fc-c048-4bdb-b137-4c9ec74ee79a,scaled.haus,available,11.98,37.98,high,low,6,namecheap,,,09/09/2026 22:20
62087aea-c639-4f68-8954-66edf6c3c221,allhallows.haus,available,14.99,33.99,medium,low,10,namesilo,,,18/09/2026 09:24
ddeecb44-8dc0-4aac-8817-1f8a6720da4a,fitting.haus,available,11.98,37.98,high,low,7,namecheap,,,18/08/2026 05:50
4c2f2aeb-0ba6-48e6-8084-6548d8077978,workers.haus,available,19.99,,high,low,7,name.com,,,
aacaa4d5-833a-4659-9e58-21948073fd2c,airmanship.haus,available,14.99,33.99,medium,low,10,namesilo,,,17/09/2026 23:16
fd98d593-730c-43b6-8246-9ed537ff4bb0,epizoon.haus,available,11.98,37.98,medium,low,7,namecheap,,,15/08/2026 00:52
178b6ee2-2a38-4e50-b981-8e6918cacb27,distance.haus,available,19.99,,high,low,8,name.com,,,
179d477c-390b-4d4b-95bc-ae851034f8f0,earliest.haus,available,14.99,33.99,high,low,8,namesilo,,,24/09/2026 12:55
f42df7ed-4a2a-4d52-b41d-1d995dbadfc8,alcalde.haus,available,14.99,33.99,medium,low,7,namesilo,,,18/09/2026 03:47
ba6709a8-2300-4dcb-aed7-c9b343052ff0,ghosts.haus,available,14.99,33.99,medium,low,6,namesilo,,,18/09/2026 22:14
0edb7cb5-50a4-4a92-9f85-831b1754796e,leaden.haus,available,11.98,37.98,medium,low,6,namecheap,,,22/08/2026 21:44
5bac36d7-4e10-48cc-bcb2-35831ccf746b,adduct.haus,available,14.99,33.99,medium,low,6,namesilo,,,17/09/2026 07:09
c57de286-57aa-47bb-b740-b095f3506770,circuitous.haus,available,11.98,37.98,medium,low,10,namecheap,,,12/08/2026 08:18
d77215b2-484e-41eb-b217-3d67afc4ebc4,adaptation.haus,available,14.99,33.99,high,low,10,namesilo,,,17/09/2026 06:27
4eaeb2bb-0375-46e6-b2d3-4e42594a8db9,beatniks.haus,available,11.98,37.98,medium,low,8,namecheap,,,22/09/2026 21:34
f10f8f7e-1fef-4a9f-b292-caf325bcbda3,primer.haus,available,19.99,,high,low,6,name.com,,,
9c88988c-e015-4156-b5df-7e6f713995b9,bankrupt.haus,available,11.98,37.98,medium,low,8,namecheap,,,08/08/2026 13:29
53ff84d8-5c4d-4217-aa22-993a291f18e2,further.haus,available,14.99,33.99,high,low,7,namesilo,,,24/09/2026 17:03
a0a59c1c-5e26-427d-923b-3b0902168e87,terminal.haus,available,11.98,37.98,high,low,8,namecheap,,,08/09/2026 11:51
ab9917d1-b9aa-48d9-a875-7bb21c4d20e5,unstated.haus,available,11.98,37.98,medium,low,8,namecheap,,,12/09/2026 09:45
d92641bb-3a42-4f7e-9107-5f8099f9a26b,barbet.haus,available,14.99,33.99,medium,low,6,namesilo,,,22/09/2026 04:53
bccdfbcb-7c90-4491-abc6-79256a842f62,bigot.haus,available,14.99,33.99,medium,low,5,namesilo,,,23/09/2026 15:20
181c3949-6ff9-45b4-98d2-bcdb30911b04,optically.haus,available,11.98,37.98,medium,low,9,namecheap,,,15/09/2026 18:03
cdb28e81-49fa-4e2b-bd17-575fdff36764,cadillac.haus,available,19.99,,high,low,8,name.com,,,
eb435c6f-3778-4cd8-ba1f-5d7c89712b25,nobleman.haus,available,11.98,37.98,high,low,8,namecheap,,,03/09/2026 18:00
116414e5-7a83-4c23-bd99-79a116cd4d1f,structured.haus,available,11.98,37.98,high,low,10,namecheap,,,10/09/2026 22:50
1cbf3863-0c8c-47f2-abf0-1049e08b262b,subsets.haus,available,14.99,33.99,medium,low,7,namesilo,,,21/09/2026 01:05
07453a07-2ebf-4031-97c1-5312adcacb9c,charm.haus,available,11.98,37.98,high,low,5,namecheap,,,19/09/2026 20:23
e44b412d-049e-4b2d-a9f5-b755cbdd0406,exportable.haus,available,11.98,37.98,high,low,10,namecheap,,,17/08/2026 18:35
36d51a43-26f3-4d9c-8c2f-59d29df49873,gird.haus,available,14.99,33.99,medium,low,4,namesilo,,,20/09/2026 06:19
d41e7329-cd7b-4d32-a586-aa84d6e89fab,assumption.haus,available,14.99,33.99,high,low,10,namesilo,,,20/09/2026 16:39
9e940ee2-3f30-40db-9e94-aea92e87881b,anubis.haus,available,14.99,33.99,high,low,6,namesilo,,,19/09/2026 11:58
5f194426-bdd8-4870-ae15-c8dc25ddb225,susan.haus,available,19.99,,high,low,5,name.com,,,
57844b68-e16f-4e34-8476-12b2afea795f,arrhythmia.haus,available,11.98,37.98,medium,low,10,namecheap,,,20/09/2026 09:13
0410e83c-3a20-408f-bace-672b8c59e794,barry.haus,available,14.99,33.99,high,low,5,namesilo,,,25/09/2026 11:27
25f94f43-eb30-43d3-acf4-7d796f2c50ea,ketonemia.haus,available,14.99,33.99,medium,low,9,namesilo,,,17/09/2026 00:10
f3c79f4c-ba9f-4e0f-962a-f5272c64e405,necessity.haus,available,14.99,33.99,high,low,9,namesilo,,,24/09/2026 15:20
887d9ffb-f91b-4e00-878e-1228b9fc6601,mayhap.haus,available,11.98,37.98,medium,low,6,namecheap,,,15/09/2026 13:45
be88a26d-bf61-4e2f-b0cb-1153ccbff597,siamese.haus,available,11.98,37.98,high,low,7,namecheap,,,10/09/2026 07:27
1345505b-d6c9-4516-9cfa-f94c10a03731,spillover.haus,available,14.99,33.99,medium,low,10,namesilo,,,16/09/2026 17:36
eb7a6bff-331f-4c19-a2ff-d01b9e099af8,update.haus,available,,,high,low,7,,,,
9f56f055-6263-4822-9b5c-78eda5fbc88a,pussy.haus,available,19.99,,high,low,5,name.com,,,
c2fab527-3e0b-48f6-a7b2-bd7faddc8801,mutable.haus,available,11.98,37.98,medium,low,7,namecheap,,,12/08/2026 01:50
a81acc83-5b0d-4d38-8bf6-c237be4d31e6,notably.haus,available,11.98,37.98,medium,low,7,namecheap,,,15/09/2026 16:54
0de4478c-5ed3-4357-afa5-42a99828b975,figured.haus,available,11.98,37.98,high,low,7,namecheap,,,18/08/2026 04:00
4ff70edd-f09f-455b-9484-68ed82d6d31d,tide.haus,available,19.99,,high,low,4,name.com,,,
6278bd14-1474-42dd-b922-07a33f846c58,californian.haus,available,19.99,,high,low,11,name.com,,,
eba4bd3f-3653-4321-816a-487974caeacd,carroty.haus,available,11.98,37.98,medium,low,7,namecheap,,,11/08/2026 19:48
a8b23e03-01eb-4b3d-843f-288574f9cdc9,resources.haus,available,19.99,,high,low,9,name.com,,,
1f284cdd-ffbc-4e6e-9b08-d210626e8ffa,flags.haus,available,19.99,,high,low,5,name.com,,,
ff143037-47dc-48d5-b5b6-01a2eec57887,scooped.haus,available,14.99,33.99,medium,low,7,namesilo,,,17/09/2026 23:31
5b8f539f-4370-44e6-8b11-54905e0b7acb,cover.haus,available,14.99,33.99,high,low,5,namesilo,,,22/09/2026 21:52
4ba57f9d-659e-4c89-8cbc-8534ee5d3acc,academia.haus,available,11.98,37.98,high,low,8,namecheap,,,23/09/2026 20:23
c3cfcbd7-99de-47f5-b1e1-c70a06555ea3,atomistic.haus,available,11.98,37.98,low,low,9,namecheap,,,07/08/2026 13:42
54460b4c-025b-4393-b593-a5a961a0baba,vales.haus,available,14.99,33.99,medium,low,5,namesilo,,,21/09/2026 02:12
8427a2d3-bcce-4118-81c3-ad69b7d978aa,bothersome.haus,available,11.98,37.98,medium,low,10,namecheap,,,
931c7d4e-a7cd-4249-8509-6fcb72c6be2d,barefooted.haus,available,11.98,37.98,medium,low,10,namecheap,,,08/08/2026 18:59
2d31af83-f155-4f96-aa40-bdbb37e1d5d5,barnyard.haus,available,14.99,33.99,high,low,8,namesilo,,,22/09/2026 06:58
b656e51b-e80d-4701-9e72-8310a9d60845,fifteen.haus,available,14.99,33.99,high,low,7,namesilo,,,21/09/2026 11:44
10ca1267-870f-4a54-a0bd-9e06e2500aca,acned.haus,available,11.98,37.98,low,low,5,namecheap,,,
62c5e2f7-2560-42d9-af88-f68f136c036d,bunco.haus,available,11.98,37.98,medium,low,5,namecheap,,,14/09/2026 07:59
949816ef-d133-44aa-bb0b-5c7bb096680c,argil.haus,available,14.99,33.99,medium,low,5,namesilo,,,20/09/2026 04:20
80ac87bc-837e-4c01-9ad7-ee2b2a43b2a8,spirited.haus,available,19.99,,high,low,8,name.com,,,
1dfba70a-fac5-499e-bf3f-dbaeea74ff59,allow.haus,available,11.98,37.98,high,low,5,namecheap,,,06/08/2026 09:03
c28cc3f6-556f-4af8-b9d2-947816ae0395,ribbon.haus,available,19.99,,high,low,6,name.com,,,
d73fa00e-cc14-47e1-88a9-8fd301734c49,ankle.haus,available,14.99,33.99,high,low,5,namesilo,,,19/09/2026 09:40
f478f9e5-cdda-468a-b863-1e731597e7da,schools.haus,available,14.99,33.99,high,low,7,namesilo,,,24/09/2026 00:37
7e75e4c2-6f71-4dfc-9855-2cb3c3b5cd13,loaned.haus,available,14.99,33.99,medium,low,6,namesilo,,,17/09/2026 16:26
b6a9a57f-2e73-4bf4-b74b-9c6b31d723b4,banding.haus,available,14.99,33.99,high,low,7,namesilo,,,22/09/2026 01:17
ac61e2ee-3664-4c09-845b-5339419c9e64,amonra.haus,available,11.98,37.98,medium,low,7,namecheap,,,18/09/2026 18:34
b07de8d5-1966-4681-8e5f-0e1eee596ad6,moorish.haus,available,11.98,37.98,high,low,7,namecheap,,,25/08/2026 05:59
47c97228-3ecc-4072-ad13-fba5a1287061,spaciously.haus,available,11.98,37.98,high,low,10,namecheap,,,16/09/2026 00:04
4da72e56-4f1c-4a2e-9fa7-ec1f239af143,peerless.haus,available,11.98,37.98,high,low,8,namecheap,,,24/08/2026 17:04
e003651a-a193-4e90-b622-a5b508b712d8,pennies.haus,available,19.99,,medium,low,7,name.com,,,
ca43a76d-1ff7-4bd4-ac7b-4b9558ebe04f,burgess.haus,available,14.99,33.99,medium,low,7,namesilo,,,19/09/2026 13:35
3a89a421-9997-4c01-92d1-8baf7d805d52,raymond.haus,available,11.98,37.98,high,low,7,namecheap,,,25/09/2026 19:12
41560218-bd3a-48ab-ae1d-1793c95658a8,bind.haus,available,14.99,33.99,high,low,4,namesilo,,,22/09/2026 00:54
4cabe0c9-1826-4cf7-a337-e26873d7639d,atkinson.haus,available,14.99,33.99,high,low,8,namesilo,,,25/09/2026 17:41
3f4663ea-16ad-41e8-bfe0-d86c62c2b4d3,ticklish.haus,available,11.98,37.98,high,low,8,namecheap,,,11/09/2026 15:33
5dfe1bca-5bb2-4505-b3b4-8bed6f2ca1dd,spiders.haus,available,11.98,37.98,medium,low,7,namecheap,,,16/09/2026 05:32
4e79dedb-98ee-471c-9564-bf3b8c9c3abd,glitter.haus,available,19.99,,high,low,7,name.com,,,
06075f5f-f778-4c8a-8522-f11e1982367b,bitty.haus,available,11.98,37.98,high,low,5,namecheap,,,10/08/2026 07:51
4abc0a5d-3b00-4239-a989-de5a86599783,eighteen.haus,available,14.99,33.99,high,low,8,namesilo,,,21/09/2026 11:58
fad6ccc6-ec3d-4de3-a454-79f7645bb408,abetter.haus,available,14.99,33.99,medium,low,7,namesilo,,,16/09/2026 15:19
0bb7b612-a803-4096-856c-be1cf95be0d8,customize.haus,available,19.99,,high,low,9,name.com,,,
599751fd-a51d-4a3b-aec7-a29dd933964d,adaxial.haus,available,11.98,37.98,medium,low,7,namecheap,,,
2d0a0be5-47fc-4322-96ed-e35d1cda6f19,roamer.haus,available,11.98,37.98,high,low,6,namecheap,,,23/09/2026 20:14
c3319664-ace2-415c-ba0d-4332ac19b0dc,eldest.haus,available,11.98,37.98,high,low,6,namecheap,,,16/08/2026 02:19
70290cd6-1eef-4335-bd34-2c405a5efbbd,agiotage.haus,available,11.98,37.98,medium,low,8,namecheap,,,17/09/2026 18:03
4d083b0a-4594-49b1-9edb-d754e8a5cb92,armadillo.haus,available,14.99,33.99,high,low,9,namesilo,,,20/09/2026 06:27
d86a5189-b416-4941-8fde-49a5652acf52,rigged.haus,available,11.98,37.98,high,low,6,namecheap,,,09/09/2026 17:25
17f36980-8562-4384-a95c-3468f1bffc9c,colloquial.haus,available,11.98,37.98,medium,low,10,namecheap,,,12/08/2026 17:14
d86da890-f002-4ab1-8904-6dae11350c0f,bounteous.haus,available,11.98,37.98,high,low,9,namecheap,,,09/08/2026 20:50
6bce134a-a2c4-4877-8025-b32c803050e6,concourse.haus,available,19.99,,high,low,9,name.com,,,
bbcad988-6d0d-4aed-8b96-de6489b6a674,reticent.haus,available,19.99,,medium,low,8,name.com,,,
8c568dc1-5252-4bbe-a63f-d09e3b93a7a5,accessible.haus,available,14.99,33.99,high,low,10,namesilo,,,21/09/2026 15:38
80edf0d6-be61-481d-bfd0-cf6d6dbde5ef,tierce.haus,available,11.98,37.98,medium,low,6,namecheap,,,
e0718c18-ca7d-4786-b959-8e8923a5702d,disjoined.haus,available,11.98,37.98,medium,low,9,namecheap,,,14/08/2026 11:07
ebcad6a0-e2ca-461d-aa6d-291c7e89ccb4,tenebrous.haus,available,11.98,37.98,medium,low,9,namecheap,,,11/09/2026 11:19
7e61f2c1-26fb-477f-8a40-a2abbeb85a1e,syncope.haus,available,11.98,37.98,medium,low,7,namecheap,,,17/08/2026 21:05
a3170700-52a0-40ab-970e-1344a91495da,apian.haus,available,11.98,37.98,medium,low,5,namecheap,,,05/08/2026 23:47
0782b67c-c6b8-4232-a089-ad6dad8f0963,haggard.haus,available,11.98,37.98,medium,low,7,namecheap,,,10/08/2026 18:56
6ace53cd-a473-4ba6-b2b7-cc48935bb267,analyzer.haus,available,14.99,33.99,high,low,8,namesilo,,,19/09/2026 01:55
ce2f5f25-f66b-4944-9ed7-06f368081ced,instal.haus,available,19.99,,high,low,6,name.com,,,
e5776f3b-b30b-492b-b84a-c61e497d37fd,team.haus,available,11.98,37.98,high,medium,4,namecheap,,,23/09/2026 16:51
193d7ae0-1b5c-4d82-8f88-7f8572249848,smashing.haus,available,11.98,37.98,high,low,8,namecheap,,,08/08/2026 12:53
37c2a72a-59a1-4a3e-8da1-d0e64017245c,engraved.haus,available,11.98,37.98,high,low,8,namecheap,,,17/08/2026 07:40
ff54d444-5776-42c4-84f5-857839c1b0df,allied.haus,available,11.98,37.98,high,low,6,namecheap,,,22/09/2026 01:28
2774c5d6-d5d1-4b0b-9923-eda4e0586858,parky.haus,available,11.98,37.98,medium,low,5,namecheap,,,08/09/2026 01:38
b9693671-44e8-470e-bc5a-1565edd16f42,axonal.haus,available,11.98,37.98,medium,low,6,namecheap,,,08/08/2026 02:01
77b035d7-00c0-416f-87b3-a6a9a67c7480,sentences.haus,available,11.98,37.98,medium,low,9,namecheap,,,16/09/2026 20:11
deb07ce8-29cd-47a1-85d1-29d542cadecd,pluperfect.haus,available,11.98,37.98,medium,low,10,namecheap,,,08/09/2026 22:00
fe2adc59-21c0-41f3-a5cc-c8dae51a1188,tofu.haus,available,11.98,37.98,high,low,4,namecheap,,,22/09/2026 20:09
e65e214b-d641-446d-809d-403235a410a1,resident.haus,available,11.98,37.98,high,low,8,namecheap,,,03/09/2026 19:51
2fabc7aa-1e04-4607-ba06-a7fd8a43e0af,disclosed.haus,available,14.99,33.99,high,low,9,namesilo,,,24/09/2026 11:06
fad933c2-10b9-4f7a-bf44-831223005f93,verified.haus,available,11.98,37.98,high,medium,8,namecheap,,,13/09/2026 02:25
62043de4-5487-4df9-91bd-ea3d2d0c3c5a,washington.haus,available,19.99,,high,low,10,name.com,,,
59066917-87e5-4616-b07e-e8b74f45a299,branching.haus,available,11.98,37.98,high,low,9,namecheap,,,11/08/2026 02:08
ddc24cc5-0c5d-42c9-957e-3dd29ddb6dc9,apocrypha.haus,available,11.98,37.98,medium,low,9,namecheap,,,19/09/2026 18:13
56e99a89-d963-4412-a8a0-bab276e5d2cf,fireball.haus,available,14.99,33.99,high,low,8,namesilo,,,21/09/2026 22:35
b2875725-fd3a-4c1f-b200-42626c5ed910,greased.haus,available,11.98,37.98,high,low,7,namecheap,,,20/08/2026 19:33
6278753d-3bcc-4527-99fb-8bd55136dee8,glaucous.haus,available,11.98,37.98,medium,low,8,namecheap,,,20/08/2026 14:16
8951b1e2-1053-40f0-8b36-37ae3afb41ca,inculpable.haus,available,11.98,37.98,medium,low,10,namecheap,,,10/08/2026 12:55
fbe44eac-5412-4103-9c60-0e19f78b694e,benthal.haus,available,11.98,37.98,medium,low,7,namecheap,,,09/08/2026 14:47
fad14078-9743-42a9-8f56-71c5850cbc65,flap.haus,available,14.99,33.99,high,low,4,namesilo,,,24/09/2026 23:15
241924e2-5e8e-489d-b70c-097e4376f52f,algal.haus,available,11.98,37.98,high,low,5,namecheap,,,
79337db8-ce7f-4240-8210-28d483f65115,entrenched.haus,available,14.99,33.99,medium,low,10,namesilo,,,24/09/2026 14:13
b6efd98e-19e7-449d-b582-4548fd02d717,status.haus,available,19.99,,high,medium,6,name.com,,,
af17fca9-f7f6-4db1-a372-6d80d861241a,kingpin.haus,available,14.99,33.99,high,low,7,namesilo,,,23/09/2026 15:25
6e1e9d78-da09-4223-b837-2094e33b0f2a,swelled.haus,available,11.98,37.98,medium,low,7,namecheap,,,11/09/2026 05:38
b7fc86e4-c0fb-468e-8db7-dce37089c07b,participant.haus,available,19.99,,high,low,11,name.com,,,
aecdff70-4303-4b9a-be8d-8553f5438d69,lamely.haus,available,11.98,37.98,low,low,6,namecheap,,,15/09/2026 10:37
05d1c51e-33dd-41b1-8a44-32a765ad0e84,bottom.haus,available,11.98,37.98,high,low,6,namecheap,,,09/08/2026 11:50
48002ed4-4d3d-4f03-bfea-dad5885b37f4,sort.haus,available,14.99,33.99,high,low,4,namesilo,,,25/09/2026 12:43
3030ced8-b199-4b8f-ba89-b69abb22eb6c,soused.haus,available,11.98,37.98,low,low,6,namecheap,,,09/08/2026 16:07
af6d0c07-e382-4249-a738-c35a2bacccb8,extend.haus,available,19.99,,high,low,6,name.com,,,
671b4587-cf19-4bd1-a456-56e012369570,percussive.haus,available,11.98,37.98,high,low,10,namecheap,,,08/09/2026 16:22
04a4b06c-f451-4f44-848f-175a6612c733,announcer.haus,available,14.99,33.99,high,low,9,namesilo,,,19/09/2026 10:49
f160cdcc-191d-4dac-81de-151873fa54a0,audiometer.haus,available,11.98,37.98,medium,low,10,namecheap,,,21/09/2026 02:58
20f4e5ad-7253-43bb-99d5-c39d69259b27,selfless.haus,available,14.99,33.99,high,low,8,namesilo,,,22/09/2026 02:51
1bb71c93-064b-4403-bca0-a4fa9e416eee,chocolate.haus,available,14.99,33.99,high,low,9,namesilo,,,24/09/2026 03:16
46d19dc2-42c9-4635-b146-4e4ff89eff7a,joyous.haus,available,11.98,37.98,high,low,6,namecheap,,,22/08/2026 14:06
9a1ec7a9-2044-4943-b622-80b4c2780e2a,floating.haus,available,11.98,37.98,high,low,8,namecheap,,,14/08/2026 19:14
f83f5956-cfe9-4d8c-92d2-5a5480264ebd,comely.haus,available,11.98,37.98,high,low,6,namecheap,,,09/08/2026 06:13
123ea2fd-f333-45e1-b3e4-444fd25d633e,kahn.haus,available,14.99,33.99,high,low,4,namesilo,,,25/09/2026 23:22
a24c8261-9e95-48c1-b2c7-56d9c640c8de,drear.haus,available,11.98,37.98,medium,low,5,namecheap,,,14/08/2026 11:45
7eb36500-d860-44cc-a218-933d05d50431,precursors.haus,available,14.99,33.99,medium,low,10,namesilo,,,21/09/2026 00:35
285c149a-c66d-49f8-b3d8-abd838feb0a6,unshared.haus,available,11.98,37.98,medium,low,8,namecheap,,,12/09/2026 19:38
9df531c9-3295-454e-8dfa-d579a5d3e723,amaryllis.haus,available,11.98,37.98,high,low,9,namecheap,,,18/09/2026 15:59
cecd1e74-6e87-40d5-a5fa-4737238985b6,unstable.haus,available,11.98,37.98,high,low,8,namecheap,,,18/08/2026 09:17
ef140c4b-8a36-4e68-91fd-f304b8464043,banned.haus,available,11.98,37.98,medium,low,6,namecheap,,,08/08/2026 13:44
c1b6a718-7662-46f6-90ac-471c4b9e03f3,allocation.haus,available,14.99,33.99,high,low,10,namesilo,,,18/09/2026 11:47
653b04fc-baac-4075-aba9-ddd82ee8a648,maximizing.haus,available,11.98,37.98,high,low,10,namecheap,,,24/08/2026 17:56
9bf6e96d-3fbe-4000-86aa-fc756497dd3f,biblical.haus,available,11.98,37.98,medium,low,8,namecheap,,,09/08/2026 18:53
4e15d955-236b-4e51-9cb3-b9e72b847f10,blackbuck.haus,available,14.99,33.99,medium,low,9,namesilo,,,19/09/2026 14:39
039e0550-716b-449a-81dd-b1fc7c1a935a,dopey.haus,available,11.98,37.98,medium,low,5,namecheap,,,14/08/2026 16:04
024f170a-5a26-43ec-a856-3b9884186fff,spheroidal.haus,available,11.98,37.98,medium,low,10,namecheap,,,16/08/2026 05:22
b6fcfc88-d7d4-4ee3-9e5d-9b5eb2ce105a,bilk.haus,premium,118.8,118.8,medium,low,4,namesilo,,,09/09/2026 08:21
d067730a-df08-420a-8044-71affbef6e5e,ardent.haus,available,,,high,low,6,,,,
910f677b-aec3-4ad6-997b-b24eb7c8e64f,vaughan.haus,available,14.99,33.99,high,low,7,namesilo,,,25/09/2026 10:35
6ec01818-c589-491d-9f38-8a621964fd6e,occipital.haus,available,11.98,37.98,high,low,9,namecheap,,,04/09/2026 00:11
ca56563a-e718-4893-9b3d-96fbe82366b4,remained.haus,available,14.99,33.99,medium,low,8,namesilo,,,18/09/2026 11:23
2c42f1ff-109b-48ee-afb5-a10808495bcb,formulated.haus,available,11.98,37.98,high,low,10,namecheap,,,18/08/2026 12:22
1f637f82-af55-4a48-8065-f7bece51b3cd,germy.haus,available,11.98,37.98,medium,low,5,namecheap,,,18/08/2026 22:53
851dc3c7-1667-43be-8426-472a2484d125,thusly.haus,available,14.99,33.99,medium,low,6,namesilo,,,16/09/2026 09:04
655a8129-881f-4f91-87e2-42c63d60270c,avicennia.haus,available,14.99,33.99,medium,low,9,namesilo,,,21/09/2026 09:24
6e1af698-1316-494d-9c91-23caf80bb843,unflavored.haus,available,11.98,37.98,medium,low,10,namecheap,,,03/09/2026 19:15
019147f6-83dd-443d-bb49-0e853dca608d,chained.haus,available,11.98,37.98,medium,low,7,namecheap,,,12/08/2026 01:23
082214cf-6936-47db-a540-ddcc2231e5ae,trollope.haus,available,14.99,33.99,medium,low,8,namesilo,,,19/09/2026 13:43
944608b9-122b-4f49-b241-95c9696cd037,possession.haus,available,19.99,,high,low,10,name.com,,,
87a56b49-cd56-4faa-b6dc-b4da18631f43,abilities.haus,available,11.98,37.98,high,low,9,namecheap,,,17/09/2026 04:45
577567e9-cb2a-48bb-ab0e-bdbc650bbcce,occupant.haus,available,11.98,37.98,high,low,8,namecheap,,,09/09/2026 14:52
6d5ba42e-5cf5-4e84-8e4e-f384a657ffe9,isfahan.haus,premium,118.8,118.8,high,low,7,namesilo,,,20/09/2026 14:32
5f34aa14-2798-4e21-ba3a-0f0305ea8343,ashore.haus,available,11.98,37.98,medium,low,6,namecheap,,,13/09/2026 22:07
8ad02719-d05c-4167-b5bd-0b6863956a2b,formless.haus,available,11.98,37.98,high,low,8,namecheap,,,
3dd4698c-93a7-4bbb-b5f7-2f0ff4913207,alpine.haus,available,,,high,medium,6,,,,
708608e4-6864-4f99-8ef2-011e91337256,sacredly.haus,available,11.98,37.98,medium,low,8,namecheap,,,15/09/2026 23:01
66b6f7b6-6846-42a2-aafe-2a6b92c47469,typo.haus,available,11.98,37.98,high,low,4,namecheap,,,24/08/2026 07:23
78fe0a1d-81d1-47aa-a4da-eabe87a20525,amberjack.haus,available,14.99,33.99,medium,low,9,namesilo,,,18/09/2026 16:35
9388623c-bb11-4953-b7fa-d659af49f0ca,foretell.haus,available,14.99,33.99,high,low,8,namesilo,,,21/09/2026 03:34
39af4520-a459-4c79-a957-2549445c8b25,nectarous.haus,available,11.98,37.98,medium,low,9,namecheap,,,
0c7b4aca-a559-42f4-bc45-9991c8f11349,lease.haus,available,11.98,37.98,high,low,5,namecheap,,,09/09/2026 14:19
9c790fa0-0a18-4367-b395-c182e686a0ff,foiled.haus,available,11.98,37.98,medium,low,6,namecheap,,,14/08/2026 09:27
b1aca987-3730-4aaa-b2c3-c0ff46c3b981,fees.haus,available,19.99,,high,low,4,name.com,,,
30f9a5d9-9982-4a58-9a9c-4a2959225ef6,germanium.haus,available,14.99,33.99,medium,low,9,namesilo,,,20/09/2026 22:51
57917529-a513-41c3-b9d8-086611a4ecb7,conform.haus,available,19.99,,high,low,7,name.com,,,
34f5afea-6931-40a9-94ac-ff1275004087,unknowable.haus,available,11.98,37.98,medium,low,10,namecheap,,,12/09/2026 14:17
e51ea95d-ca03-49df-92c3-11850e06d9dd,consecrate.haus,available,11.98,37.98,high,low,10,namecheap,,,12/08/2026 22:25
dea65022-64a0-41d5-ae6d-c08b874ccae3,hairless.haus,available,11.98,37.98,high,low,8,namecheap,,,20/08/2026 22:13
e2f0d635-6343-4be7-b139-3ec735483d1b,otiose.haus,available,11.98,37.98,medium,low,6,namecheap,,,17/08/2026 20:56
dbf829b8-4334-4001-a6ad-4b970e3811ba,tanzanian.haus,available,11.98,37.98,medium,low,9,namecheap,,,11/09/2026 08:09
3544166f-3c52-4329-9433-8658de6ec8e7,jargon.haus,available,11.98,37.98,high,low,6,namecheap,,,13/09/2026 04:10
30bf6f8d-bf28-44b9-a77f-9ad178eaaa91,mosquitoes.haus,available,14.99,33.99,low,low,10,namesilo,,,18/09/2026 14:22
4f15d1bd-eb26-4a4f-b205-f6fde156c07e,homemade.haus,available,11.98,37.98,high,low,8,namecheap,,,21/08/2026 11:09
bc17cc91-8c64-4ea7-abdd-c04103e461ae,plodding.haus,available,11.98,37.98,medium,low,8,namecheap,,,08/09/2026 21:17
756ef67d-0603-4de2-9709-f6c37d80995c,mcpherson.haus,available,11.98,37.98,high,low,9,namecheap,,,17/09/2026 21:28
75ef863f-efc9-4d7a-8e7b-1e5cef56b945,anaerobe.haus,available,14.99,33.99,medium,low,8,namesilo,,,19/09/2026 01:18
900c2eb4-93f6-44f7-a9f9-7883c48532af,tubeless.haus,available,11.98,37.98,medium,low,8,namecheap,,,11/09/2026 20:58
501876a5-5f79-4b3e-ada8-db8890f15514,family.haus,premium,1040,1040,high,medium,6,namecheap,,,25/09/2026 12:40
51bbf1a1-e171-4ccb-88b4-79bbf29d393f,schweitzer.haus,available,11.98,37.98,high,low,10,namecheap,,,18/09/2026 02:40
2c45cf19-1fa7-4a8f-b16b-a09464cf4dd4,annalistic.haus,available,11.98,37.98,high,low,10,namecheap,,,
62e4d855-d9e3-403f-82bf-8c3bf01f99b1,queenlike.haus,available,11.98,37.98,medium,low,9,namecheap,,,09/09/2026 07:54
9ab730ef-f660-4aed-8984-d14948fcd320,archangel.haus,available,14.99,33.99,high,low,9,namesilo,,,19/09/2026 05:59
c7773d9a-ffcd-486d-8578-57afcc67bc5b,groping.haus,available,11.98,37.98,medium,low,7,namecheap,,,20/08/2026 20:18
e1c4e509-e494-4422-8d81-0fe8047b3677,aptly.haus,available,11.98,37.98,high,low,5,namecheap,,,13/09/2026 16:19
97718fc0-c5ec-46ea-84d4-edf4ff20b593,apatura.haus,available,11.98,37.98,medium,low,7,namecheap,,,19/09/2026 16:22
c8828e65-b665-4c19-9bb9-e2ad94770000,worthwhile.haus,available,19.99,,high,low,10,name.com,,,
d6294b36-5d3e-4157-a0fc-4829338a3ad9,clash.haus,available,19.99,,high,low,5,name.com,,,
15480c4a-7c79-482e-b060-e71464b76c1e,armillary.haus,available,11.98,37.98,medium,low,9,namecheap,,,06/08/2026 19:44
821aa4af-3783-4258-aa90-da23e48e5cd2,clonal.haus,available,11.98,37.98,medium,low,6,namecheap,,,12/08/2026 12:01
4da5feef-54aa-48df-9612-ab4677823a11,tuchman.haus,available,11.98,37.98,medium,low,7,namecheap,,,22/09/2026 04:24
9b1d420d-b3b6-44c3-b761-a7d6f1393500,beery.haus,available,11.98,37.98,medium,low,5,namecheap,,,09/08/2026 08:12
9912bd91-25ad-4666-b951-724bff728a8b,balinese.haus,available,14.99,33.99,high,low,8,namesilo,,,21/09/2026 22:03
80de9bbb-e7e8-49d3-9cea-ea2efaa49e6e,arranged.haus,available,11.98,37.98,high,low,8,namecheap,,,22/09/2026 08:25
ee5d22da-d905-4ded-b563-d58a05bb7e2f,bennington.haus,available,14.99,33.99,high,low,10,namesilo,,,23/09/2026 08:33
eb5709cc-74d9-4e5d-9034-303596574d98,unshaped.haus,available,11.98,37.98,medium,low,8,namecheap,,,12/09/2026 19:31
c3deac80-ec57-4166-b4d6-fa3a72571e70,clearly.haus,available,19.99,,high,low,7,name.com,,,
2693c6eb-3318-48c6-86ec-63b79fc28b4a,berzelius.haus,available,14.99,33.99,medium,low,9,namesilo,,,23/09/2026 10:24
1c1bc2f9-6b7c-4b04-827d-a4208d46e43b,buttermilk.haus,available,14.99,33.99,high,low,10,namesilo,,,24/09/2026 11:20
e0d6e4bd-40b7-4638-a41c-768b22406b43,generally.haus,available,19.99,,high,low,9,name.com,,,
1baed896-de11-42bd-a943-0f97c6c64a5f,thursday.haus,available,19.99,,high,low,8,name.com,,,
670d4a8b-7fbb-4541-ab75-4833eade9c14,existent.haus,available,11.98,37.98,high,low,8,namecheap,,,
2e7a8477-160b-4797-bd72-94e3359a005e,flurry.haus,available,14.99,33.99,high,low,6,namesilo,,,17/09/2026 09:17
89091df8-6190-43ff-8317-c51e0749503a,blankness.haus,available,14.99,33.99,medium,low,9,namesilo,,,24/09/2026 04:02
4958945d-10bb-49b2-8ace-0cfbdbfd96df,incurable.haus,available,11.98,37.98,medium,low,9,namecheap,,,22/08/2026 02:06
624e5642-b520-4b30-812c-8ccd24dff288,polygon.haus,available,19.99,,high,low,7,name.com,,,
fe1a3928-ec3f-456d-866a-92718bc6e96f,smashingly.haus,available,11.98,37.98,medium,low,10,namecheap,,,16/09/2026 02:49
a5df342c-1679-434f-9f8e-f881dbd1f90b,certificate.haus,available,19.99,,high,low,11,name.com,,,
c186b4a9-588d-46c9-98d2-bc9e5121f927,appealing.haus,available,11.98,37.98,high,low,9,namecheap,,,06/08/2026 05:51
5139280a-935a-4c94-ac20-7fa452913945,thoughtful.haus,available,11.98,37.98,high,low,10,namecheap,,,21/08/2026 05:59
7361b0c5-0be0-494d-b1d3-b3c45ce3d495,seasick.haus,available,11.98,37.98,medium,low,7,namecheap,,,
2a1ad655-37b1-412e-9cc8-908b0cfb4e01,gregorian.haus,available,11.98,37.98,high,low,9,namecheap,,,20/08/2026 19:58
8b1370a4-9646-4e56-a4cd-2be2431ddc17,andradite.haus,available,14.99,33.99,medium,low,9,namesilo,,,19/09/2026 04:09
80fd54da-31d9-454e-af5d-d221d4c96cda,poultry.haus,available,14.99,33.99,high,low,7,namesilo,,,24/09/2026 23:24
9328f376-d430-4cb5-aaf2-ed9cad8f52df,eccentric.haus,available,11.98,37.98,high,low,9,namecheap,,,10/08/2026 09:50
d0f76f66-422d-4b89-aaf4-3a9a052a1e15,federal.haus,available,11.98,37.98,high,low,7,namecheap,,,24/09/2026 17:28
b81fecc6-6368-4c80-ae47-c9278451a211,romanist.haus,available,11.98,37.98,medium,low,8,namecheap,,,05/09/2026 01:28
aa66534e-ef9e-4327-911e-4e4cd0170426,bowls.haus,available,19.99,,high,low,5,name.com,,,
ad398068-434e-4750-a677-e4167f250359,kerr.haus,available,11.98,37.98,high,low,4,namecheap,,,25/09/2026 19:26
2e6d845c-221c-4f07-b989-fdd6f5fc5d25,bandeau.haus,available,11.98,37.98,medium,low,7,namecheap,,,22/09/2026 01:04
cc455f6d-3506-40eb-9b60-f1d75ca5815d,ribbons.haus,available,14.99,33.99,medium,low,7,namesilo,,,20/09/2026 07:05
4a2eb369-59f4-4ad1-9124-b0286d3850cb,smarmy.haus,available,11.98,37.98,medium,low,6,namecheap,,,11/08/2026 11:46
b98e1405-5507-4b1f-a471-1a95d1f17a4f,brush.haus,available,19.99,,high,low,5,name.com,,,
d4b131a2-03ed-41bb-9c04-20db18381b82,elegiac.haus,available,11.98,37.98,medium,low,7,namecheap,,,16/08/2026 03:28
50fb0396-76c3-4556-9d67-de8eb13da483,calling.haus,available,14.99,33.99,high,low,7,namesilo,,,24/09/2026 11:48
bbc2d24e-291f-45b0-aee7-67f0130f172a,tangible.haus,available,11.98,37.98,high,low,8,namecheap,,,05/09/2026 00:10
b9be61ee-1c2a-429d-a8f1-31505c37cc1c,nilotic.haus,available,11.98,37.98,high,low,7,namecheap,,,03/09/2026 17:26
8e33b84b-5219-46e2-9ad7-c1182b441e65,enclosed.haus,available,11.98,37.98,high,low,8,namecheap,,,16/08/2026 22:21
c581184e-8d72-493c-bca9-a408f4ab0b78,leash.haus,available,11.98,37.98,high,low,5,namecheap,,,
f86e48a8-ce67-48d0-a8d8-52b51979500b,alienating.haus,available,11.98,37.98,medium,low,10,namecheap,,,
79bd8b0b-d5c0-4adc-90f7-9f5e953148e2,acrodont.haus,available,14.99,33.99,medium,low,8,namesilo,,,17/09/2026 03:41
d55df832-ca9d-4dd1-93e4-b8213986ebb0,heterodox.haus,available,11.98,37.98,medium,low,9,namecheap,,,14/08/2026 12:37
e33fe372-0036-4fb1-bb98-4f582552253b,autarchic.haus,available,11.98,37.98,medium,low,9,namecheap,,,07/08/2026 18:36
626698f8-b484-48ec-9404-d2fcfc4c5ea9,mandelbrot.haus,available,14.99,33.99,medium,low,10,namesilo,,,23/09/2026 08:35
2bc387d3-a79b-4b4e-8326-bb87cf9749a4,anouilh.haus,available,11.98,37.98,medium,low,7,namecheap,,,19/09/2026 11:52
a1063963-7b01-4973-97a3-e005d36e257c,anguis.haus,available,14.99,33.99,medium,low,6,namesilo,,,19/09/2026 07:34
721eaef7-68b6-4ab1-b530-68d4efa39804,akan.haus,available,14.99,33.99,high,low,4,namesilo,,,17/09/2026 23:50
cc7a0d3d-ab10-48ea-bd7f-2551630519ab,stalwart.haus,available,11.98,37.98,high,low,8,namecheap,,,21/08/2026 00:53
41414b42-715f-4559-ac4e-66a6e0fc8b65,freight.haus,available,14.99,33.99,high,low,7,namesilo,,,23/09/2026 08:23
bbef9011-21db-48c7-b119-faa40efc04b6,albula.haus,available,14.99,33.99,medium,low,6,namesilo,,,18/09/2026 03:24
7226d983-9fff-418f-bdca-5f617a37a2c7,yield.haus,available,19.99,,high,low,5,name.com,,,
e5f8b6fb-7ddd-4406-94d8-bae255074345,fluently.haus,available,11.98,37.98,high,low,8,namecheap,,,14/09/2026 19:08
f96c7cb4-9def-4146-af66-5d5ac842e112,narcotic.haus,available,11.98,37.98,medium,low,8,namecheap,,,03/09/2026 13:12
810a8602-f5d8-4f30-9042-97d1de43c324,plastered.haus,available,11.98,37.98,medium,low,9,namecheap,,,09/08/2026 15:43
2251c397-b1d3-42d7-853f-08c05cca342f,husbandry.haus,available,11.98,37.98,high,low,9,namecheap,,,17/08/2026 22:35
33598886-6e48-4f78-bde3-6b10ea852202,bagful.haus,available,11.98,37.98,medium,low,6,namecheap,,,21/09/2026 17:57
32bb85d0-9a17-42ec-8eb2-8702c3cd56c8,corregidor.haus,available,14.99,33.99,medium,low,10,namesilo,,,22/09/2026 13:13
10dbfb17-0225-4a6f-8ef9-c8b4b53bc985,relations.haus,available,19.99,,high,low,9,name.com,,,
c02b34d2-4921-4cc0-8b4a-abc760f46fc4,aeronaut.haus,available,14.99,33.99,high,low,8,namesilo,,,17/09/2026 13:09
a54fb7f0-4ac9-4000-a1fe-9c92e83f2990,villain.haus,available,14.99,33.99,high,low,7,namesilo,,,21/09/2026 16:58
f625c69d-ca96-405c-9822-c2af6fefeb35,prioritize.haus,available,19.99,,high,low,10,name.com,,,
346d0062-017b-4597-9156-8d5a4385e750,resonating.haus,available,19.99,,high,low,10,name.com,,,
0ef43b17-52eb-4bd5-866c-6cab88489c0a,bungalow.haus,premium,854,854,high,low,8,namesilo,,,24/09/2026 11:15
ca1bfce0-6059-4b24-88b4-4de10a84e52e,lazily.haus,available,11.98,37.98,medium,low,6,namecheap,,,15/09/2026 01:40
1f0ed755-ff4c-4db9-8c86-986cb04c9640,transcend.haus,available,11.98,37.98,high,low,9,namecheap,,,11/09/2026 17:23
4744ccd9-d552-4736-b73e-5d88e759c948,workable.haus,available,11.98,37.98,high,low,8,namecheap,,,17/08/2026 16:53
04e9b3b2-29c8-45f2-9529-caf8c3888c10,multiplication.haus,available,19.99,,medium,low,14,name.com,,,
8413762c-0a16-4195-9834-b1c3d5c04511,dolorous.haus,available,11.98,37.98,medium,low,8,namecheap,,,14/08/2026 15:30
6253cc71-a2d3-4be3-ba07-0af44a1c322a,crackle.haus,available,11.98,37.98,high,low,7,namecheap,,,13/08/2026 04:25
c2173d19-180c-4077-a926-5e4e85f316cb,dissected.haus,available,11.98,37.98,medium,low,9,namecheap,,,12/08/2026 10:41
b906fb88-dae7-48d1-923f-ddea4507ecde,portend.haus,available,11.98,37.98,medium,low,7,namecheap,,,21/09/2026 03:29
e4b8396b-884d-4153-98a4-908f8269f7a0,anamorphic.haus,available,11.98,37.98,medium,low,10,namecheap,,,
7bdc5ca6-7ba5-458e-b84f-e79863f28e7a,immaterial.haus,available,11.98,37.98,medium,low,10,namecheap,,,17/08/2026 19:22
d21be3ac-43e4-48b0-8b95-2a5b7fa72535,hypnotised.haus,available,11.98,37.98,medium,low,10,namecheap,,,17/08/2026 22:48
1a61a11d-a216-4ea0-bca0-8bafa594fba3,club.haus,available,,,high,low,4,,,,
0ff2e43a-647b-4eab-83f3-289d37100758,curse.haus,available,11.98,37.98,high,low,5,namecheap,,,24/09/2026 04:27
362749d2-d9c5-4a90-b9cf-81947ec0514d,solar.haus,resell,,,high,high,5,"Spaceship, Inc.",19/06/2024 15:15,19/06/2027 15:15,10/09/2026 13:31
fa236dff-5b16-4997-a023-d3d837aad497,stinker.haus,available,11.98,37.98,medium,low,7,namecheap,,,11/08/2026 09:15
f58da78f-25db-49ef-b11e-ec1a01477888,pies.haus,available,19.99,,medium,low,4,name.com,,,
5d4ac3a9-caed-4f6a-973c-7d039a7c6cf9,rebuff.haus,available,11.98,37.98,medium,low,6,namecheap,,,10/09/2026 10:49
6fa452e4-b28c-46cd-8068-8b25696786e1,recognised.haus,available,14.99,33.99,high,low,10,namesilo,,,21/09/2026 15:30
8c4961fb-1ca3-46d3-b888-6cac4a751e09,written.haus,available,19.99,,high,low,7,name.com,,,
8e6435f6-549c-4318-9e47-0442db112f10,expressed.haus,available,11.98,37.98,high,low,9,namecheap,,,17/08/2026 18:26
712d1b74-e989-4f33-be38-7b72be4409ce,observable.haus,available,11.98,37.98,high,low,10,namecheap,,,03/09/2026 23:59
9af59e5a-2e14-47ad-8a4f-b5741b2c5762,streisand.haus,available,14.99,33.99,high,low,9,namesilo,,,22/09/2026 05:03
ddddd7e4-f0c2-41e2-ac8e-93cc606f7c2e,cardiac.haus,available,11.98,37.98,high,low,7,namecheap,,,11/08/2026 18:53
c3aa9165-3ebd-4319-9e9e-cc5b0a887455,tappan.haus,available,14.99,33.99,high,low,6,namesilo,,,20/09/2026 11:08
5ad490b5-1052-4225-b9a1-1072c265c4f6,highly.haus,available,19.99,,high,low,6,name.com,,,
e330d560-029f-461e-b7e4-d5e1a4bc20f4,antihero.haus,available,14.99,33.99,high,low,8,namesilo,,,19/09/2026 14:35
2e3c11d6-d7d2-4532-a38e-085e05320793,ballistic.haus,available,11.98,37.98,medium,low,9,namecheap,,,08/08/2026 10:31
99900bd5-8055-40dd-9760-1e3f0d82315d,beggar.haus,available,14.99,33.99,high,low,6,namesilo,,,23/09/2026 02:08
d2578e82-e7f1-48d9-a416-fe397f739426,sorcery.haus,available,19.99,43.99,high,low,7,name.com,,,23/09/2026 23:51
8544ef5c-a207-4b93-8981-1b2f75e12657,unwieldy.haus,available,11.98,37.98,medium,low,8,namecheap,,,12/08/2026 13:10
55d01070-e0cb-42c0-8f6a-c21441464f3f,indication.haus,available,14.99,33.99,high,low,10,namesilo,,,24/09/2026 21:52
9ef4895a-e2b4-4514-9c3e-c6d8fa6d1192,maximum.haus,available,11.98,37.98,high,low,7,namecheap,,,25/09/2026 18:14
e560fdd8-a3b2-4205-b97b-95df29fd38e8,propel.haus,available,11.98,37.98,high,low,6,namecheap,,,09/09/2026 03:16
38b43072-ff9d-45d7-8724-24713f142d3b,reside.haus,available,14.99,33.99,high,low,6,namesilo,,,24/09/2026 23:25
d5824aa1-a373-4bfe-84de-cc880136f889,beanbag.haus,available,11.98,37.98,high,low,7,namecheap,,,22/09/2026 20:20
d78e5460-e131-488d-8de0-d191ac4acdd3,gromyko.haus,available,14.99,33.99,medium,low,7,namesilo,,,19/09/2026 04:28
89a3d0a4-3792-4e91-aba0-6f4ffb8387a8,insurable.haus,available,11.98,37.98,high,low,9,namecheap,,,22/08/2026 07:40
c4b44409-b7e7-4519-b2e6-fd77dbbdbf84,attenuator.haus,available,14.99,33.99,medium,low,10,namesilo,,,21/09/2026 01:34
95c4e367-cb00-4436-abcf-511fca245c55,postcards.haus,available,14.99,33.99,medium,low,9,namesilo,,,18/09/2026 23:33
8d1a8e90-e881-4113-9337-f781c1a2666b,beige.haus,available,,,high,low,5,,,,
03aa0d65-16b4-40eb-a945-3d133cec7f67,leathery.haus,available,11.98,37.98,medium,low,8,namecheap,,,13/08/2026 01:13
615e9201-b90e-4c3b-9e17-4b463a8d561b,boondocks.haus,available,11.98,37.98,medium,low,9,namecheap,,,21/09/2026 14:32
8c77df74-7333-459a-8c0a-6e2061ef9751,ani.haus,available,14.99,33.99,high,low,3,namesilo,,,19/09/2026 08:25
1b8b79af-4399-4923-bab2-31f5d221ce97,trailers.haus,available,14.99,33.99,medium,low,8,namesilo,,,19/09/2026 01:06
56467dd7-a400-4d2e-98d3-b8d44f410fc3,ablution.haus,available,14.99,33.99,medium,low,8,namesilo,,,16/09/2026 16:14
ce3c7881-c451-4b08-b162-a0bc12746212,espouse.haus,available,11.98,37.98,high,low,7,namecheap,,,13/09/2026 09:39
12833e31-a550-459c-b1dc-8d32c184df7a,ornery.haus,available,11.98,37.98,medium,low,6,namecheap,,,13/08/2026 08:28
49b0baa0-c384-4108-8023-97ccf7ea7947,impractical.haus,available,19.99,,medium,low,11,name.com,,,
55d8b5b5-5fd8-4f7b-9869-3ae45cea8b10,weaned.haus,available,11.98,37.98,medium,low,6,namecheap,,,13/09/2026 08:53
e036e9c7-21fe-4dd7-8934-c34e46268ed2,barbecues.haus,available,14.99,33.99,medium,low,9,namesilo,,,21/09/2026 08:34
8eeceffa-37d4-4690-92a7-b7a68464db38,replace.haus,available,19.99,,high,low,7,name.com,,,
4312a010-5de2-4853-bc73-5578ca6d27ec,replying.haus,available,14.99,33.99,medium,low,8,namesilo,,,18/09/2026 12:55
942d6c80-211a-49b9-95b0-6fe5593409d1,ballistics.haus,available,14.99,33.99,high,low,10,namesilo,,,21/09/2026 22:57
aca0d1ee-4b0c-4fc4-97a1-e4010371839a,condolence.haus,available,19.99,,high,low,10,name.com,,,
190df5e5-714a-4527-95ca-bc9040bbf9c9,packages.haus,available,11.98,37.98,medium,low,8,namecheap,,,19/09/2026 00:23
59c6c3ef-467e-4692-8576-0d63ec558726,truthful.haus,available,11.98,37.98,high,low,8,namecheap,,,11/09/2026 20:51
5831ea01-7d3f-4d34-b0d9-0591c7869d78,akvavit.haus,available,14.99,33.99,medium,low,7,namesilo,,,18/09/2026 00:17
aa8c7824-8a90-4564-9002-662d3558f044,audiometry.haus,available,14.99,33.99,medium,low,10,namesilo,,,21/09/2026 02:58
20235a36-0c8e-4cb1-9399-5108393c6f0d,prettily.haus,available,11.98,37.98,medium,low,8,namecheap,,,15/09/2026 21:22
51568407-d56e-4c76-9a46-1f50795fc8ef,egoist.haus,available,11.98,37.98,medium,low,6,namecheap,,,15/08/2026 19:43
1d01fdc5-8d41-42da-8cbd-7147691b1dd6,backstop.haus,available,14.99,33.99,medium,low,8,namesilo,,,21/09/2026 16:06
77aa2213-536c-40ec-adc4-bd96efec273b,opencut.haus,available,11.98,37.98,medium,low,7,namecheap,,,04/09/2026 16:10
bb4c286b-e485-4291-8c68-3d2b5b39311d,whispering.haus,available,11.98,37.98,high,low,10,namecheap,,,03/09/2026 11:10
f5e86acb-fbda-4b32-adf6-1cb3a38e8a9a,campanula.haus,available,14.99,33.99,high,low,9,namesilo,,,23/09/2026 06:05
adea0892-8516-482a-ba63-e19568ebf560,baffle.haus,available,11.98,37.98,high,low,6,namecheap,,,09/09/2026 08:20
99a9be78-c401-4de2-a6a1-4a01783d1355,overfull.haus,available,11.98,37.98,medium,low,8,namecheap,,,20/08/2026 15:31
2d18aa6c-39d8-4ee4-a86f-c4fed98b0334,cheap.haus,premium,1040,1040,high,low,5,namecheap,,,23/09/2026 11:03
5efb882c-a66b-44c1-90c7-16dabf0d881d,operating.haus,available,11.98,37.98,high,low,9,namecheap,,,04/09/2026 16:26
338d5637-d88e-4ad2-8015-087cc41c721b,seated.haus,available,19.99,,high,low,6,name.com,,,
8e578af4-dfe8-4bd8-addb-43906e68cdf8,imported.haus,available,11.98,37.98,high,low,8,namecheap,,,21/08/2026 22:48
8b382036-f3b9-44ff-882f-e797663a3298,gargantuan.haus,available,11.98,37.98,medium,low,10,namecheap,,,16/08/2026 03:33
93527d13-e7a1-4212-9490-cdcc5103cd6b,ariled.haus,available,11.98,37.98,medium,low,6,namecheap,,,06/08/2026 19:09
63e32aa3-e22b-4a35-a33f-ef70a0111bc2,bees.haus,available,11.98,37.98,high,low,4,namecheap,,,18/09/2026 21:40
95f57891-e90c-4e47-ae08-8e2dc83fb4fb,glooming.haus,available,11.98,37.98,medium,low,8,namecheap,,,20/08/2026 14:41
4854daad-f146-4ec4-b46b-925e0880b73d,barcarolle.haus,available,14.99,33.99,medium,low,10,namesilo,,,22/09/2026 05:06
ea8d4dea-8578-4a4e-85b3-5c282a909fe1,baby.haus,available,19.99,,high,low,4,name.com,,,
6f9535da-3f97-46b2-a2a0-b6a61fdb0584,hot.haus,premium,260,260,high,medium,3,namecheap,,,19/09/2026 15:25
475dbd99-cab9-4328-b377-8bde24bde62d,duckbill.haus,available,11.98,37.98,high,low,8,namecheap,,,14/08/2026 20:46
d5aa69f6-c77e-417a-a8b5-54b274526515,parvenu.haus,available,11.98,37.98,medium,low,7,namecheap,,,03/09/2026 22:14
1e29b81e-3d4b-43cf-a71c-c71457a4bb2d,unhelpful.haus,available,11.98,37.98,medium,low,9,namecheap,,,12/09/2026 12:26
a4f9bb8d-6049-4481-b105-dd42d046bd6f,introduced.haus,available,19.99,,high,low,10,name.com,,,
ca24a877-e5a0-4b31-85e7-d7f7da341b84,inherently.haus,available,11.98,37.98,medium,low,10,namecheap,,,15/09/2026 08:20
e7792909-7cb8-4b11-a945-716e7a3c79c3,particle.haus,available,11.98,37.98,high,low,8,namecheap,,,24/09/2026 18:19
7ad29dcc-dec3-4b23-9ecf-0175576c9610,pleased.haus,available,19.99,,high,low,7,name.com,,,
a5ce314b-d903-43d7-97aa-32503613a639,swords.haus,available,19.99,,medium,low,6,name.com,,,
07ea00e1-b4b7-4922-8acd-e4afe102f9b6,draconian.haus,available,11.98,37.98,medium,low,9,namecheap,,,14/08/2026 18:10
5dc044c4-55fc-40d5-b341-e4a783dfb882,powerfully.haus,available,11.98,37.98,high,low,10,namecheap,,,15/09/2026 21:10
8e03ea4c-004a-4ad6-a514-b24f46d7d313,lucifer.haus,available,14.99,33.99,high,low,7,namesilo,,,23/09/2026 01:23
f21374b6-abc4-492c-ae9d-0bfa5e13ce7a,ballerina.haus,available,11.98,37.98,high,low,9,namecheap,,,21/09/2026 22:49
b06515ec-b7eb-4ffd-b365-b5d21546ea13,suddenly.haus,available,19.99,43.99,medium,low,8,name.com,,,13/08/2026 19:19
9f14c15b-9e00-4446-8c04-316f5cb1cf54,openly.haus,available,11.98,37.98,high,low,6,namecheap,,,15/09/2026 17:59
d464eef0-6333-4c5c-b020-4a565c74822f,minister.haus,available,,,high,low,8,,,,24/09/2026 20:20
130d9abd-4845-4d65-9daa-4cee3ad155d8,gia.haus,available,14.99,33.99,high,low,3,namesilo,,,20/09/2026 06:34
78312899-58ea-45df-8370-97ac97e0ffd9,canberra.haus,available,14.99,33.99,high,low,8,namesilo,,,21/09/2026 04:47
a1e58866-ed96-4a5a-8509-34d0b2658f16,consumption.haus,available,19.99,,high,low,11,name.com,,,
b94178d5-0ec4-47c9-b836-29256a57cea3,alewife.haus,available,14.99,33.99,medium,low,7,namesilo,,,18/09/2026 05:44
4708485d-0a6e-47a2-899b-3c4219e81d43,legible.haus,available,11.98,37.98,high,low,7,namecheap,,,22/08/2026 22:59
48fcea77-bada-41e5-8007-d4fdc270b803,celibate.haus,available,11.98,37.98,high,low,8,namecheap,,,11/08/2026 23:25
bf6c16e0-b076-4fc3-ac54-0eb6384e6bc4,ldopa.haus,available,14.99,33.99,high,low,6,namesilo,,,23/09/2026 07:45
a4cb98a7-15d2-45f0-83d6-604870fbb879,sunstruck.haus,available,11.98,37.98,medium,low,9,namecheap,,,11/09/2026 02:01
eb567f50-f11f-4e54-a33e-f9ad39efebbc,comfortably.haus,available,19.99,,high,low,11,name.com,,,
7c2174b0-8629-4cd9-aad8-97906fe6b5ef,tantalum.haus,available,14.99,33.99,medium,low,8,namesilo,,,20/09/2026 23:42
034b788e-a2fb-4d89-8cc2-8a48253eefda,animals.haus,available,19.99,,high,low,7,name.com,,,
73d49576-a771-45e2-bb08-743c49d73533,favoritism.haus,available,14.99,33.99,high,low,10,namesilo,,,24/09/2026 22:35
75a2951d-0e7a-406f-b514-9e2d8709142f,abatic.haus,available,11.98,37.98,medium,low,6,namecheap,,,
ea3e59c2-916a-4b81-aeaa-78e380da798a,cassidy.haus,available,14.99,33.99,high,low,7,namesilo,,,26/09/2026 03:43
14139701-8b8b-4452-8b62-cad9876ba804,unkempt.haus,available,11.98,37.98,medium,low,7,namecheap,,,12/09/2026 14:07
196a40a8-6b9c-4f5c-9182-abaf6d64a06d,azores.haus,available,14.99,33.99,medium,low,6,namesilo,,,17/09/2026 02:13
171e25d6-621c-4828-8e3a-b5224f460fac,qualifying.haus,available,11.98,37.98,high,low,10,namecheap,,,23/08/2026 12:37
4d995629-3494-4a80-ad98-0f35e7b050ed,cripple.haus,available,11.98,37.98,medium,low,7,namecheap,,,22/08/2026 18:58
4d863c70-272d-402e-a1d0-2cdf563c660a,evitable.haus,available,11.98,37.98,medium,low,8,namecheap,,,07/08/2026 22:45
3988fe0d-4cc6-4340-baac-fda371954bf0,deciduous.haus,available,11.98,37.98,medium,low,9,namecheap,,,13/08/2026 21:26
0feab961-efc2-43e3-8588-49e42ba65df0,pilot.haus,available,19.99,,high,low,5,name.com,,,
0938ec26-b821-4ea3-aa2b-4bcdb4afbb17,stressed.haus,available,11.98,37.98,medium,low,8,namecheap,,,10/09/2026 22:30
4485c0f6-2c6f-4043-b9bb-00d86fbd41ef,tritely.haus,available,11.98,37.98,low,low,7,namecheap,,,16/09/2026 09:30
b259f478-7702-4e5e-9f43-a71c2bea9071,conflicts.haus,available,11.98,37.98,medium,low,9,namecheap,,,19/09/2026 21:22
009a1683-cb99-4a40-88f1-0c8e225eabf7,fda.haus,available,11.98,37.98,high,low,3,namecheap,,,25/09/2026 05:55
ef72e70a-44ff-4de7-b279-aca4c9f8a765,digits.haus,available,19.99,,high,low,6,name.com,,,
75992388-72bc-488d-b73f-df19f76bfa63,cost.haus,available,19.99,,high,low,4,name.com,,,
ce7520a3-5b73-447f-93ab-b6e8e6364bf2,superbug.haus,available,11.98,37.98,medium,low,8,namecheap,,,23/09/2026 07:17
8d812a85-dfb1-4a69-8246-0a17f18bbf73,prosperous.haus,available,11.98,37.98,high,low,10,namecheap,,,10/08/2026 19:19
26a986a5-37c0-49e9-be99-10be72a221b0,balaena.haus,available,11.98,37.98,medium,low,7,namecheap,,,21/09/2026 20:30
5d6b1a75-9bea-4819-98ec-1ec4c4cb33b6,batna.haus,available,14.99,33.99,medium,low,5,namesilo,,,22/09/2026 14:06
2d4405cf-acf6-49e8-94dc-59668402c7d1,defiantly.haus,available,11.98,37.98,medium,low,9,namecheap,,,14/09/2026 08:33
e21188c7-6ebb-4339-b85a-0f1c4685897e,berkelium.haus,available,14.99,33.99,medium,low,9,namesilo,,,21/09/2026 00:14
aa02dd8c-29af-4e9d-9719-4401b6044963,whiff.haus,available,11.98,37.98,high,low,5,namecheap,,,09/09/2026 05:39
29361092-3ca7-4662-b164-19a2d0c7a6a0,shaft.haus,available,19.99,,high,low,5,name.com,,,
429d86ff-48f3-4d47-9efa-e1d119135372,cliquish.haus,available,11.98,37.98,medium,low,8,namecheap,,,12/08/2026 11:17
6af77288-9f1a-4e13-96ca-05a07e0ff6db,linked.haus,available,14.99,33.99,high,low,6,namesilo,,,25/09/2026 13:54
afecf08b-e2fc-4a9b-865a-9d19ffa1de74,unkind.haus,available,11.98,37.98,medium,low,6,namecheap,,,12/09/2026 14:11
13edd3e8-c212-4fbe-9e5d-d10e8ff246f3,ashur.haus,available,11.98,37.98,medium,low,5,namecheap,,,20/09/2026 13:50
a232f3cb-fbe5-4581-b674-80717b9632d0,frog.haus,available,11.98,37.98,high,low,4,namecheap,,,05/08/2026 21:03
1b7deea6-b110-4454-817e-785d61fbb9b0,interpret.haus,available,19.99,,high,low,9,name.com,,,
2dc5a8e4-2bf3-41d2-9909-3c51fd4b85f0,yokel.haus,available,11.98,37.98,medium,low,5,namecheap,,,21/08/2026 08:01
5062ec66-c2e0-49ae-a93d-50c9b0df50b7,unitary.haus,available,11.98,37.98,high,low,7,namecheap,,,12/09/2026 13:58
3219f602-43cf-4b1d-9ea8-f827486b8b85,thwack.haus,available,11.98,37.98,medium,low,6,namecheap,,,16/09/2026 02:47
d7d8be6e-0c54-4f08-a60e-adba1fba933a,almaty.haus,premium,128.7,128.7,medium,low,6,namecheap,,,18/09/2026 12:22
86712ae4-64c3-4171-914b-17be717c8f95,glamorous.haus,available,11.98,37.98,high,low,9,namecheap,,,19/08/2026 00:15
06166d76-188a-491c-aa62-2e60c396f8d9,empathic.haus,available,11.98,37.98,high,low,8,namecheap,,,16/08/2026 16:41
d4ff52b7-3f4b-4e2a-a988-935f8f55f1be,depends.haus,available,11.98,37.98,medium,low,7,namecheap,,,25/09/2026 20:36
65d01283-7c12-4a1e-b129-6126332cdde9,plough.haus,available,14.99,33.99,medium,low,6,namesilo,,,23/09/2026 14:29
6e0e8ced-9056-4289-96c6-29c06c66aef6,yielding.haus,available,11.98,37.98,high,low,8,namecheap,,,13/09/2026 14:36
74189d75-0084-4733-866b-b0a87b1f8b26,solemn.haus,available,11.98,37.98,high,low,6,namecheap,,,14/08/2026 22:33
3c96eb12-f0e1-4a6a-9836-8962fddb3bb0,champs.haus,available,11.98,37.98,medium,low,6,namecheap,,,20/09/2026 13:31
2714ae43-a4d2-4ca8-830f-9d2342af3ff7,partisan.haus,available,11.98,37.98,high,low,8,namecheap,,,08/09/2026 02:07
bcb2e75c-1ad6-4a51-82f5-2ea3a1afc261,messages.haus,available,14.99,33.99,high,low,8,namesilo,,,18/09/2026 22:11
f331963d-db9d-4754-bad1-f38fbbb89ed7,benevolent.haus,available,11.98,37.98,high,low,10,namecheap,,,09/08/2026 14:27
ee19f3a1-e1a1-4c39-851b-04ca7a6c5676,jonah.haus,available,14.99,33.99,high,low,5,namesilo,,,24/09/2026 06:55
54cb7bfb-2078-4193-9e21-f5e4a2264f4c,bohrium.haus,available,14.99,33.99,medium,low,7,namesilo,,,20/09/2026 22:07
2c957cc7-87a9-4742-a764-b1e8fb8145c2,breakable.haus,available,11.98,37.98,medium,low,9,namecheap,,,11/08/2026 02:59
6742e83d-5186-40c1-a057-821756774e85,hawaiian.haus,available,11.98,37.98,high,low,8,namecheap,,,21/08/2026 01:36
75df89d6-2426-4d2b-aa5a-a0cf75c4b65f,slipstream.haus,available,14.99,33.99,high,low,10,namesilo,,,21/09/2026 16:20
ed83e270-47bc-41b4-a018-c2e061cd060f,thousands.haus,available,14.99,33.99,medium,low,9,namesilo,,,18/09/2026 15:22
028e655c-ab8d-44c6-ac4d-cd72c90ca46d,brimful.haus,available,11.98,37.98,medium,low,7,namecheap,,,11/08/2026 04:08
63218992-001e-4b29-9301-0ebb02e07326,appreciates.haus,available,11.98,37.98,medium,low,11,namecheap,,,20/09/2026 20:35
b21340b4-f390-4759-9a04-68d3656139ab,mithraic.haus,available,11.98,37.98,medium,low,8,namecheap,,,25/08/2026 01:58
5f844c1b-8f42-40af-8bb8-91ff1b01f481,isosceles.haus,available,11.98,37.98,high,low,9,namecheap,,,22/08/2026 11:16
7252c23c-c5e2-4d03-a4f9-e3b72b735a8c,anthropic.haus,available,,,high,high,9,,,,
8b1db81f-3318-485d-9bdc-6cc01af2b444,breastfeed.haus,available,19.99,,high,low,11,name.com,,,
d4a9aa58-23d2-45de-b8b5-d66a6be2a739,prate.haus,available,14.99,33.99,medium,low,5,namesilo,,,23/09/2026 23:29
c556965f-9122-483e-9307-b61b4a55c778,saccharine.haus,available,11.98,37.98,medium,low,10,namecheap,,,12/08/2026 12:48
3cfc7945-9909-4cc2-adbb-2b0a8f7315d5,amass.haus,available,11.98,37.98,high,low,5,namecheap,,,12/08/2026 16:53
309140b7-d285-4d23-8c3b-8a953a765e64,tubby.haus,available,11.98,37.98,medium,low,5,namecheap,,,08/09/2026 22:29
3f643b6f-bb52-41e1-a69e-55edd49f7b39,nicely.haus,available,11.98,37.98,high,low,6,namecheap,,,15/09/2026 16:32
6e1906ec-8fdd-498c-b1e3-818e2b177aa4,acceptance.haus,available,14.99,33.99,high,low,10,namesilo,,,16/09/2026 22:01
09159ed7-b2f0-4121-b200-73c379f8bf23,backlash.haus,available,14.99,33.99,high,low,8,namesilo,,,21/09/2026 15:29
d6e6e644-2af7-4241-9aaf-ea08f59bbb85,spidery.haus,available,11.98,37.98,medium,low,7,namecheap,,,06/08/2026 11:46
23c9a854-251e-48d8-b089-2b3f95492a76,scrunch.haus,available,11.98,37.98,medium,low,7,namecheap,,,13/08/2026 07:18
f9476d88-ed4d-49d9-9f30-d77b1f4fecaf,dolphin.haus,available,14.99,33.99,high,low,7,namesilo,,,24/09/2026 23:22
ccb63519-6acd-409b-b7f5-035f60832ebb,rhymed.haus,available,11.98,37.98,high,low,6,namecheap,,,09/09/2026 16:51
d9f6008e-5250-4af8-b20a-b32075e68a47,shellproof.haus,available,11.98,37.98,medium,low,10,namecheap,,,10/08/2026 18:11
6e07e243-1277-405c-a603-78d19345cc78,atriplex.haus,available,14.99,33.99,medium,low,8,namesilo,,,21/09/2026 00:45
d9ae3ba8-f666-4fe4-913f-54af1e99eb4d,hydrous.haus,available,11.98,37.98,medium,low,7,namecheap,,,21/08/2026 16:14
507e962a-228a-4cb1-a40d-86248f8e9f1a,dearie.haus,available,19.99,43.99,high,low,6,name.com,,,13/08/2026 18:19
7df81d1d-2ec1-4b9d-923a-7bb77e92c3c1,synaptic.haus,available,11.98,37.98,high,low,8,namecheap,,,11/09/2026 06:09
df230212-3245-422f-a989-899436f042de,mothers.haus,available,14.99,33.99,high,low,7,namesilo,,,18/09/2026 06:34
3e18e042-5c53-42d3-93ee-eef8522b5137,poolside.haus,available,19.99,,high,low,8,name.com,,,
ceaa0538-c339-4b5f-83c7-f611fdf71b4c,spoil.haus,available,11.98,37.98,high,low,5,namecheap,,,09/09/2026 08:16
0c14a6fb-06f4-4b3f-b1a8-af3171d3e8d4,nutrients.haus,available,14.99,33.99,medium,low,9,namesilo,,,21/09/2026 00:14
fb5897a2-816a-4e09-a6fc-ee98fc8323fe,forked.haus,available,11.98,37.98,high,low,6,namecheap,,,09/08/2026 20:14
235c3f37-e979-4f64-b104-b87c6238e3f8,befuddled.haus,available,11.98,37.98,medium,low,9,namecheap,,,07/08/2026 11:41
da878849-dc7e-47f1-849d-9c3a631d2e16,cetacean.haus,available,11.98,37.98,medium,low,8,namecheap,,,12/08/2026 01:02
b7a8591c-e394-449c-be8f-9cc0a7660c4b,academism.haus,available,11.98,37.98,medium,low,9,namecheap,,,16/09/2026 20:23
77233220-0cba-4953-beee-19f9ff4e2760,aeration.haus,available,14.99,33.99,medium,low,8,namesilo,,,17/09/2026 12:46
0a16b664-b657-494e-93aa-040692b3e806,broiled.haus,available,11.98,37.98,medium,low,7,namecheap,,,11/08/2026 05:19
88ebf27a-56cc-40dd-9b30-5c813cc33ec1,tapped.haus,available,11.98,37.98,high,low,6,namecheap,,,11/09/2026 08:19
aa18833e-7f37-47e8-aff0-019c9f3b0c14,adaptable.haus,available,14.99,33.99,high,low,9,namesilo,,,21/09/2026 16:52
93cd2391-6775-42ad-860f-8da7bd546ee4,drycleaning.haus,available,14.99,33.99,high,low,11,namesilo,,,21/09/2026 04:39
4ee482c5-48eb-4a56-b5ec-08d4e5a8f198,unshackled.haus,available,11.98,37.98,medium,low,10,namecheap,,,12/09/2026 04:58
8abb6ce5-29d3-4325-820f-665f2f744ee0,salmagundi.haus,available,11.98,37.98,medium,low,10,namecheap,,,25/08/2026 08:22
3038059c-7744-4b65-a61a-db3f95b19e65,enthusiasm.haus,available,19.99,,high,low,10,name.com,,,
edac5708-0e71-4207-b430-bf56101048a6,refractive.haus,available,11.98,37.98,medium,low,10,namecheap,,,13/08/2026 23:32
a60bb69e-ae17-4d4c-984b-0b7f3bab9b40,blotto.haus,available,11.98,37.98,low,low,6,namecheap,,,09/08/2026 15:32
72e3fb6d-7d72-47e9-b03f-e84101fc288b,het.haus,available,11.98,37.98,high,low,3,namecheap,,,21/08/2026 02:20
9e791e61-5e45-43a8-839f-1aa6cea54581,aimless.haus,available,11.98,37.98,medium,low,7,namecheap,,,
2a49e5a8-b656-4532-8b6b-f03a031ce72d,britten.haus,available,14.99,33.99,medium,low,7,namesilo,,,23/09/2026 08:15
7583c55f-b5ee-4bc4-827d-2ea5e678fdbf,cypriote.haus,available,19.99,43.99,medium,low,8,name.com,,,13/08/2026 14:05
a387c369-efbd-4489-bc88-57d7ff70753c,frizzly.haus,available,11.98,37.98,medium,low,7,namecheap,,,18/08/2026 16:06
7744d6e6-76ff-4f58-9560-66cef3eeaefa,innermost.haus,available,11.98,37.98,high,low,9,namecheap,,,22/08/2026 05:53
f477c28f-3c67-4a5a-81ab-cc91eabff6e0,spookily.haus,available,11.98,37.98,medium,low,8,namecheap,,,14/09/2026 15:07
c8b264eb-8189-463a-a9d0-bf6fc60a068e,hushed.haus,available,11.98,37.98,medium,low,6,namecheap,,,21/08/2026 15:54
943ce789-945a-4fe7-8a77-b7a6a57dd419,avenger.haus,available,11.98,37.98,high,low,7,namecheap,,,21/09/2026 08:56
7ee2582c-f207-406d-9814-b6a874b2323c,clubbish.haus,available,11.98,37.98,low,low,8,namecheap,,,12/08/2026 12:59
e15122bb-9ce5-4414-ad77-d73bb03c97bc,smallish.haus,available,11.98,37.98,medium,low,8,namecheap,,,10/09/2026 11:46
8226e769-173d-4bc1-a7fe-eac79c8c0f07,nearer.haus,available,19.99,,medium,low,6,name.com,,,
1f2af9ac-c3ca-4423-9325-3bda6dcdcbaa,slur.haus,available,11.98,37.98,medium,low,4,namecheap,,,20/09/2026 14:59
844ab5d0-2186-41e8-b8e1-9ec087d725c4,atropine.haus,available,14.99,33.99,medium,low,8,namesilo,,,21/09/2026 01:00
45881160-879f-444b-8814-1e71032115cc,everywhere.haus,available,19.99,,high,low,10,name.com,,,
0c21ae8b-4734-4fb4-b39f-8a9857eb5b8c,wager.haus,available,11.98,37.98,high,low,5,namecheap,,,23/09/2026 10:51
1a02980c-17f6-423e-a7ae-d18d2f9b9901,rate.haus,available,14.99,33.99,high,low,4,namesilo,,,24/09/2026 13:46
6241fdd3-0b73-449c-aaee-2f29a133d231,destroy.haus,available,14.99,33.99,high,low,7,namesilo,,,25/09/2026 10:30
e7d6c58d-ffe3-41ac-a7b4-f1e7604de062,infected.haus,available,11.98,37.98,high,low,8,namecheap,,,22/08/2026 04:09
c1d2ef00-51a5-4c7d-8ec6-54eedffe3664,baluster.haus,available,14.99,33.99,high,low,8,namesilo,,,22/09/2026 00:22
5cd348c3-c195-4926-84cc-2718aabdf9e2,dampen.haus,available,19.99,43.99,medium,low,6,name.com,,,13/08/2026 16:53
1bf09207-d027-419c-acb2-cf01ab495fd2,numbly.haus,available,11.98,37.98,low,low,6,namecheap,,,15/09/2026 08:39
76acf5ed-eb5f-4914-8700-6db53537e725,insolent.haus,available,11.98,37.98,medium,low,8,namecheap,,,11/08/2026 02:56
ee94f627-811f-46de-880f-b4cfedbaa659,courageous.haus,available,14.99,33.99,high,low,10,namesilo,,,23/09/2026 02:25
aceced65-058c-46b5-ae56-8fdc83910232,drives.haus,available,11.98,37.98,medium,low,6,namecheap,,,25/09/2026 17:24
045535d1-a383-4096-bdbc-29785d2296ea,fleshy.haus,available,11.98,37.98,medium,low,6,namecheap,,,18/08/2026 08:02
3184d1e1-f514-454b-99c0-6752238e4606,abutment.haus,available,11.98,37.98,high,low,8,namecheap,,,16/09/2026 19:33
7a7f8a00-862a-4e95-9761-89fa19281c11,angling.haus,available,14.99,33.99,high,low,7,namesilo,,,19/09/2026 06:50
d46f5e35-3ecb-4ae8-b3fc-a5fe73bf9de2,hungarian.haus,available,11.98,37.98,high,low,9,namecheap,,,21/08/2026 15:39
e1775679-aa09-4cd2-a085-fa762fb1ec38,clxxv.haus,available,11.98,37.98,medium,low,5,namecheap,,,
797e12d9-51ff-462e-b380-03d14fb10d86,value.haus,available,19.99,,high,low,5,name.com,,,
99d8ca42-0e63-4e24-9e94-2834c0f71c3e,sayonara.haus,available,11.98,37.98,high,low,8,namecheap,,,17/09/2026 08:15
e8c596b7-93ac-4273-8e93-dcc83da39120,cloisonne.haus,available,11.98,37.98,medium,low,9,namecheap,,,12/08/2026 01:39
7e51334f-6fff-4513-a07c-c2f287ac4a39,gravy.haus,available,11.98,37.98,high,low,5,namecheap,,,24/09/2026 11:11
c8735194-15f4-453f-818b-13a6460d8aab,dropping.haus,available,11.98,37.98,high,low,8,namecheap,,,14/08/2026 19:47
0c2d62c8-037e-48ba-8521-2946eef9528d,burp.haus,available,14.99,33.99,high,low,4,namesilo,,,23/09/2026 04:37
23ebd38e-5947-414f-b4d2-910c0d725253,aioli.haus,available,11.98,37.98,high,low,5,namecheap,,,17/09/2026 21:30
c7a2696c-1c76-41e4-8a12-1d07e5cdb9f0,transitive.haus,available,11.98,37.98,high,low,10,namecheap,,,11/09/2026 18:55
172e0671-1a59-4cc7-a9fa-feb436b5cc2d,prison.haus,available,19.99,,high,low,6,name.com,,,
2a553b6f-235c-4850-bbee-52222cee5c30,servant.haus,available,14.99,33.99,high,low,7,namesilo,,,25/09/2026 06:52
bb1fdd45-8770-489c-862c-24a81de08b7e,mario.haus,available,19.99,,high,low,5,name.com,,,
7c3f0aba-32a2-4977-9bc9-c64a0e213f52,clv.haus,available,11.98,37.98,high,low,3,namecheap,,,
d5a73f1d-56b3-40fc-885a-5063f09ffb52,hunchback.haus,available,11.98,37.98,medium,low,9,namecheap,,,13/08/2026 07:49
60e8e718-c0e6-41dd-ab51-43f7ec66dfbd,analyzed.haus,available,11.98,37.98,medium,low,8,namecheap,,,
c772e529-50e1-4f67-a0e9-f94a7c893704,leprous.haus,available,11.98,37.98,medium,low,7,namecheap,,,23/08/2026 00:12
6988f3a0-bd5b-44e5-b543-d7699761d0d7,forensic.haus,available,11.98,37.98,high,low,8,namecheap,,,08/09/2026 15:50
d069faff-29ce-4e42-bf9a-90d61a3621c3,goosy.haus,available,11.98,37.98,medium,low,5,namecheap,,,14/08/2026 16:07
3ac50be5-3078-4ad3-abff-51b1a3e44179,archibald.haus,available,14.99,33.99,medium,low,9,namesilo,,,25/09/2026 18:45
88689a33-c748-4b43-9423-97ec12216067,executed.haus,available,11.98,37.98,high,low,8,namecheap,,,17/08/2026 16:55
5aad3117-94bb-419a-a433-7a186245012d,sloth.haus,available,19.99,,high,low,5,name.com,,,
ade5b0e0-c77b-4236-9a4d-af909fd3504a,detectable.haus,available,11.98,37.98,high,low,10,namecheap,,,14/08/2026 04:42
65d59ff2-b55f-4785-b9ce-814bcbf01ed5,crisis.haus,available,11.98,37.98,high,low,6,namecheap,,,24/09/2026 19:30
f3e72424-cfce-4bf7-ad68-5406a7b172dd,yams.haus,available,14.99,33.99,medium,low,4,namesilo,,,19/09/2026 22:19
25dafa89-fab7-4f6b-bc92-d3e361a77928,vocal.haus,available,14.99,33.99,high,low,5,namesilo,,,26/09/2026 03:23
439a2fa5-480e-4fbf-94f8-351ab5eee491,intimal.haus,available,11.98,37.98,medium,low,7,namecheap,,,22/08/2026 08:28
b4675449-8e92-4576-bb5c-0fee47e2cbcd,jumped.haus,available,14.99,33.99,medium,low,6,namesilo,,,25/09/2026 19:41
8d7c324c-9408-4a99-b5e5-14ea2d5ea8ed,synchronise.haus,available,19.99,,high,low,11,name.com,,,
0d1a4879-ad1e-4776-8769-ca6064fcbe88,timbered.haus,available,11.98,37.98,medium,low,8,namecheap,,,11/09/2026 15:59
06abe066-8ee6-4ab9-a138-7e2be80be65e,despondent.haus,available,14.99,33.99,medium,low,10,namesilo,,,24/09/2026 06:51
f4b24815-faed-4061-a04d-76870b447dab,divert.haus,available,14.99,33.99,high,low,6,namesilo,,,24/09/2026 07:57
f38f52cd-9e70-4fdd-b0b1-b99021d6ee27,blackamoor.haus,available,11.98,37.98,medium,low,10,namecheap,,,03/09/2026 15:12
8f8864d4-af8b-4fe8-aa95-5df7855ca762,normandy.haus,available,19.99,,high,low,8,name.com,,,
ecea0627-95c0-4578-951e-9df0cb221401,tired.haus,available,14.99,33.99,high,low,5,namesilo,,,22/09/2026 16:41
6e9bb4d3-ed43-4de7-b03a-ca8ff6a221d0,department.haus,available,19.99,,high,low,10,name.com,,,
52c6dd6b-2dcc-4a10-9f17-7b90cbd6a078,askew.haus,available,11.98,37.98,medium,low,5,namecheap,,,07/08/2026 03:31
0abccc65-2026-4d81-867c-f57666a530e3,cousin.haus,available,11.98,37.98,high,low,6,namecheap,,,24/09/2026 18:49
ca664d21-d660-4bbd-ba29-a715d3349bc6,momentous.haus,available,11.98,37.98,high,low,9,namecheap,,,25/08/2026 03:59
c7cdafff-d25a-47fe-a03c-35085cbba79c,augmentin.haus,available,14.99,33.99,medium,low,9,namesilo,,,18/09/2026 22:59
40714e3f-40b6-4d37-be6b-1405cb7f9a3c,beekeeper.haus,available,14.99,33.99,high,low,9,namesilo,,,19/09/2026 17:19
3b6b3e3c-c06c-470e-a3b4-3eecae541e1f,droll.haus,available,11.98,37.98,medium,low,5,namecheap,,,14/08/2026 19:39
495d8600-a4df-46d8-8643-df3f2fb6f0ce,straws.haus,available,11.98,37.98,medium,low,6,namecheap,,,20/09/2026 08:03
04d4103d-2206-42b5-8002-572cb0aad88a,slower.haus,available,11.98,37.98,high,low,6,namecheap,,,16/09/2026 02:42
9b9b2187-0953-4712-b397-70acb4611770,bus.haus,available,19.99,,high,low,3,name.com,,,
611bc771-9d7e-4b4d-96a0-78d4cb64e1e1,enlightenment.haus,available,19.99,,high,low,13,name.com,,,
8c873049-98ce-46c8-9fee-7909c684402d,faddish.haus,available,11.98,37.98,medium,low,7,namecheap,,,17/08/2026 20:33
5f795d09-ecad-4876-9928-40b4e1faa52c,sadly.haus,available,11.98,37.98,medium,low,5,namecheap,,,14/09/2026 11:52
17a3ab1d-2d7e-4869-9a46-5bbf67086b47,balanus.haus,available,11.98,37.98,medium,low,7,namecheap,,,21/09/2026 21:03
019776c2-e7f6-4fa4-82ce-6ff652b719e9,parking.haus,available,11.98,37.98,high,low,7,namecheap,,,25/09/2026 23:56
c2b85db6-a96d-4134-95b3-d6d056bd62d7,fingered.haus,available,11.98,37.98,high,low,8,namecheap,,,18/08/2026 04:53
050a9ab4-eea5-4f36-808a-3141ac0326d9,noses.haus,available,14.99,33.99,medium,low,5,namesilo,,,20/09/2026 03:44
e8c11961-51e3-428b-9c5e-133d253bbeb5,soddy.haus,available,11.98,37.98,high,low,5,namecheap,,,17/09/2026 09:26
b2daccf3-7ac1-4912-a59f-e3804c105556,orthopedic.haus,available,11.98,37.98,high,low,10,namecheap,,,04/09/2026 18:03
f51028a3-c0d1-4086-ad09-ff4bf02ea25e,hallowed.haus,available,11.98,37.98,high,low,8,namecheap,,,20/08/2026 22:52
aa44a104-2d09-4463-906c-9d7de9070b09,goodenough.haus,available,19.99,,high,low,11,name.com,,,
549df997-9664-4a47-b8e3-9fb9c3232de0,lovingness.haus,available,11.98,37.98,high,low,10,namecheap,,,11/08/2026 19:18
3082c1be-35dd-4825-b354-8b379b28168a,manageable.haus,available,14.99,33.99,high,low,10,namesilo,,,21/09/2026 15:48
52da5a43-7d07-4745-bfa5-1642c37bd47b,huntington.haus,available,14.99,33.99,high,low,10,namesilo,,,25/09/2026 04:18
c4e33a98-a725-40d3-b267-b26ae16304e0,clop.haus,available,11.98,37.98,medium,low,4,namecheap,,,15/09/2026 20:47
19007048-7217-4769-ae1c-86abd20f8c91,nonuple.haus,available,11.98,37.98,low,low,7,namecheap,,,03/09/2026 17:30
b1d1ffd1-9920-4baf-9482-44d49cccd3cd,clitoris.haus,available,14.99,33.99,high,low,8,namesilo,,,24/09/2026 15:48
33b752a4-1d6e-4315-a398-33791ca8fa15,lifted.haus,available,11.98,37.98,high,low,6,namecheap,,,23/08/2026 02:39
5742760a-9dbd-4b3f-baed-e7114da9866e,lists.haus,available,14.99,33.99,medium,low,5,namesilo,,,17/09/2026 08:32
ae9d61a4-9a5c-4163-a02c-95cb839969a3,squalid.haus,available,11.98,37.98,medium,low,7,namecheap,,,10/09/2026 14:31
362cf24e-1d32-42c2-a472-9ddb988876f4,oxfam.haus,available,19.99,,high,low,5,name.com,,,
bc2cf42a-c7ff-421d-bb02-74c67f98ddcf,shooter.haus,available,11.98,37.98,medium,low,7,namecheap,,,24/09/2026 19:04
ac94e328-962b-471f-8025-cf67b803aad0,penile.haus,available,11.98,37.98,medium,low,6,namecheap,,,08/09/2026 14:21
32f1fe74-ea6a-4892-bc77-d862cab1c654,aas.haus,available,14.99,33.99,high,low,3,namesilo,,,16/09/2026 13:41
e09196ed-9edf-483d-96a9-a5905ced138b,syllabic.haus,available,11.98,37.98,high,low,8,namecheap,,,11/09/2026 05:58
d3dac63f-fd53-435b-b538-ab758bc141cc,enemies.haus,available,11.98,37.98,medium,low,7,namecheap,,,25/09/2026 17:51
a028ff8d-4338-4626-92b4-2b77bf2366af,buttocks.haus,available,11.98,37.98,medium,low,8,namecheap,,,09/08/2026 10:25
deaeadb6-244f-4c2d-9936-fa40d559dff4,inmate.haus,available,11.98,37.98,high,low,6,namecheap,,,24/09/2026 18:00
872f4892-8853-4d4b-89b0-a8889c93c015,ransacked.haus,available,11.98,37.98,medium,low,9,namecheap,,,24/08/2026 09:49
9fef2e3b-1038-45b0-a0d1-2284dc4657ef,negatively.haus,available,11.98,37.98,medium,low,10,namecheap,,,15/09/2026 16:24
6c0c854f-6c02-402b-a38b-0a8e1572e162,prostyle.haus,available,11.98,37.98,high,low,8,namecheap,,,09/09/2026 04:01
175da2f0-125c-4435-b52d-70f9456469c3,headline.haus,available,19.99,,high,low,8,name.com,,,
e5ac7fe0-b477-4c28-b8a8-980fd6cad215,foyer.haus,available,14.99,33.99,high,low,5,namesilo,,,19/09/2026 12:45
43bca854-826e-4fba-90e9-8f601b00c3ed,msg.haus,available,19.99,,high,low,3,name.com,,,
9b856b7f-19b0-48f7-9be2-9539be18558f,sufferer.haus,available,14.99,33.99,medium,low,8,namesilo,,,24/09/2026 22:36
85801f67-d063-4c90-827f-eeb5cdf42fc2,studs.haus,available,19.99,,high,low,5,name.com,,,
341f4e91-eaea-43ad-ab67-baa7ec9d4990,expertly.haus,available,11.98,37.98,high,low,8,namecheap,,,14/09/2026 17:05
f42291fa-39c8-4330-bd5b-f9cd7b4cbba4,goliath.haus,available,14.99,33.99,high,low,7,namesilo,,,23/09/2026 03:22
6ac22640-837c-4c6a-ada0-bd48b5fe8135,flecked.haus,available,11.98,37.98,medium,low,7,namecheap,,,14/08/2026 16:30
bd357552-2b1e-40c2-8963-6dec7f43a462,copaiba.haus,available,11.98,37.98,medium,low,7,namecheap,,,22/09/2026 00:08
f23fc3b9-2d8b-4930-825e-00fb62545bbd,perjury.haus,available,11.98,37.98,medium,low,7,namecheap,,,22/09/2026 21:18
1f45849b-9272-419b-99e1-1166b9c2717b,remove.haus,available,14.99,33.99,high,low,6,namesilo,,,21/09/2026 14:40
a76035cd-7580-4fdc-a587-6752bcdfac99,venous.haus,available,11.98,37.98,medium,low,6,namecheap,,,13/09/2026 02:10
e9b28297-f6f0-4874-997f-36dca6cea2be,coastwise.haus,available,11.98,37.98,medium,low,9,namecheap,,,12/08/2026 14:12
150e3819-c17c-49fc-8506-20c09a1883e3,weakest.haus,available,19.99,,medium,low,7,name.com,,,
4e363c86-2013-4f58-aa7c-7f861ca05496,rudiments.haus,available,11.98,37.98,medium,low,9,namecheap,,,22/09/2026 10:41
74091d01-18dd-4f30-baee-6b86ca088265,coexistent.haus,available,11.98,37.98,medium,low,10,namecheap,,,12/08/2026 15:30
6647fdef-f531-4fe8-801d-a6d953e034b9,slam.haus,available,19.99,,high,low,4,name.com,,,
2ce09e55-038e-45b1-8f2e-1cc0658a1a72,religious.haus,available,11.98,37.98,high,low,9,namecheap,,,09/09/2026 13:37
d714f784-2590-4e72-a065-1490a0621756,bread.haus,available,11.98,37.98,high,low,5,namecheap,,,08/09/2026 03:15
cc7ce2a9-d522-44ba-91af-19912e5e90c1,markov.haus,available,14.99,33.99,high,low,6,namesilo,,,19/09/2026 04:17
d3395eaa-2d98-46ab-a86d-6a728e6826b8,suspend.haus,available,19.99,,high,low,7,name.com,,,
e1b008e4-1f71-432f-9115-e885f6627b4e,agapanthus.haus,available,14.99,33.99,medium,low,10,namesilo,,,17/09/2026 16:11
b53ace19-7381-4a14-8aa5-95e3ba723aa1,althea.haus,available,14.99,33.99,medium,low,6,namesilo,,,18/09/2026 14:54
d96a66c5-60e3-4e0c-b5b2-4d1917519b3f,untucked.haus,available,11.98,37.98,medium,low,8,namecheap,,,12/09/2026 21:50
998c5f35-aff6-46b1-a3c5-4cf90f59571a,ratings.haus,available,14.99,33.99,medium,low,7,namesilo,,,19/09/2026 11:52
2a79948f-7939-4116-b6ff-9214501d4224,seals.haus,available,19.99,,high,low,5,name.com,,,
cd8d3d58-df56-4e42-8111-510b777ce3a4,array.haus,available,14.99,33.99,high,low,5,namesilo,,,20/09/2026 08:50
36aa68b9-c9b0-450c-8087-6b27eb2797b9,documentation.haus,available,19.99,,high,low,13,name.com,,,
27344edb-f9f1-4dc2-91d6-87fd3cd3a81b,wrote.haus,available,19.99,,medium,low,5,name.com,,,
d7ef89d6-23be-448d-adbd-a17d9474418f,nonsuch.haus,available,11.98,37.98,medium,low,7,namecheap,,,03/09/2026 20:15
2334559a-e34c-466d-8ceb-f29f4d3bad74,anther.haus,available,11.98,37.98,medium,low,6,namecheap,,,19/09/2026 13:08
de8845a0-5937-4e1b-87a0-be8deb660bce,isoclinic.haus,available,11.98,37.98,medium,low,9,namecheap,,,22/08/2026 11:02
460f73a3-5344-4727-b100-bd7fbb0e1f9f,swimmer.haus,available,14.99,33.99,high,low,7,namesilo,,,22/09/2026 13:29
d112cf1c-efa6-4867-a741-6fbf7c094f9b,cashiers.haus,available,14.99,33.99,medium,low,8,namesilo,,,20/09/2026 14:34
9344a0f3-ce57-4b4b-870d-9064d4bd59a7,behind.haus,available,11.98,37.98,high,low,6,namecheap,,,22/09/2026 18:54
2b59d79a-577f-4002-910b-ad038a69e9b3,incendiary.haus,available,11.98,37.98,medium,low,10,namecheap,,,22/08/2026 00:54
684de57d-a03f-4d1a-8d3d-6ad7c9fe004f,reddish.haus,available,14.99,33.99,high,low,7,namesilo,,,19/09/2026 03:49
88ecc03b-f00a-4203-92f2-aef3d70afd18,docile.haus,available,11.98,37.98,medium,low,6,namecheap,,,14/08/2026 14:17
654a852a-9356-4690-9fe4-45b31c4a8dfd,perky.haus,available,11.98,37.98,high,low,5,namecheap,,,08/09/2026 17:33
f347d811-dd3a-4fb8-bad1-d0a22f26ea14,dumpy.haus,available,11.98,37.98,medium,low,5,namecheap,,,14/08/2026 21:10
69dfdae8-55bc-4fdc-b507-9c36370514d1,barque.haus,available,14.99,33.99,high,low,6,namesilo,,,22/09/2026 07:48
2f6f809c-2bc1-46db-8f09-666ac306f64d,mighty.haus,available,11.98,37.98,high,low,6,namecheap,,,24/08/2026 22:43
e1b45b5b-637a-4a3c-9702-6943ea269062,sometime.haus,available,11.98,37.98,high,low,8,namecheap,,,10/09/2026 14:04
065e96f2-4976-4791-a332-a76b5612bd95,australia.haus,available,,,high,high,9,,,,
0bba6332-bad6-4b85-9a96-25674e48f023,nolan.haus,available,14.99,33.99,high,low,5,namesilo,,,25/09/2026 15:37
b8cd9b82-caad-4083-bcfe-d2fc4b24227d,birdcage.haus,available,11.98,37.98,high,low,8,namecheap,,,23/09/2026 20:32
199a0a03-4d0e-41da-9bd3-3ba4a7d68029,precedence.haus,available,14.99,33.99,high,low,10,namesilo,,,19/09/2026 12:40
0c6bfe97-b5d2-491e-97d6-f19f67c120d6,pathetic.haus,available,11.98,37.98,medium,low,8,namecheap,,,20/08/2026 23:50
84e4af17-f81e-4e27-a5e5-d7637c6a0bea,fissure.haus,available,11.98,37.98,high,low,7,namecheap,,,13/08/2026 04:18
234d0843-9a7b-4ed5-bfd7-819f7d8da7d9,erosive.haus,available,11.98,37.98,medium,low,7,namecheap,,,13/08/2026 02:09
5a2db154-c5e8-4ae3-9132-1f9aca4321f9,guerilla.haus,available,11.98,37.98,high,low,8,namecheap,,,22/08/2026 10:15
c82512ef-d29b-43e1-99ce-39af9f8bc665,fabulous.haus,available,11.98,37.98,high,low,8,namecheap,,,17/08/2026 20:07
ea23e901-2549-40a5-9787-f81585904672,dis.haus,available,14.99,33.99,high,low,3,namesilo,,,24/09/2026 22:25
010d35ba-7e49-4ff9-bb0b-99ce9e840f52,purpose.haus,available,14.99,33.99,high,low,7,namesilo,,,25/09/2026 09:59
2afb71ac-e736-4565-ab0e-0e795b688a63,sawtooth.haus,available,19.99,,medium,low,9,name.com,,,
ca91698e-6622-48e4-b589-2d3bf1590cdd,acidotic.haus,available,11.98,37.98,medium,low,8,namecheap,,,
aad46ded-0adf-4a8a-b88c-b371ee3e8c22,archaic.haus,available,11.98,37.98,high,low,7,namecheap,,,
4471518e-5c65-471d-9d44-1f80b1c1e51b,patrick.haus,available,14.99,33.99,high,low,7,namesilo,,,25/09/2026 09:49
5b722807-ad4b-4f0d-a58d-cab6ac48b4e4,mythologic.haus,available,11.98,37.98,medium,low,10,namecheap,,,03/09/2026 12:33
c9627ecb-26fe-4bc3-9f5f-6b37bf3292d1,whistle.haus,available,14.99,33.99,high,low,7,namesilo,,,25/09/2026 23:59
c7e7625f-5e6d-4445-ae8f-9300826afda2,barcelona.haus,premium,854,854,high,low,9,namesilo,,,22/09/2026 05:08
66759b3a-38b5-49ba-a9f1-0616a709bf22,yourselves.haus,available,19.99,,medium,low,10,name.com,,,
22edb22c-3b39-4031-b414-cbb46303b0ba,symbolical.haus,available,11.98,37.98,high,low,10,namecheap,,,16/08/2026 09:33
c9005979-f3ed-4d67-b486-5983957ee038,drifting.haus,available,11.98,37.98,high,low,8,namecheap,,,14/08/2026 19:13
e4610f2c-2b8a-478d-818b-570d59c740b4,session.haus,available,19.99,,high,low,7,name.com,,,
d09131d6-e89b-40e5-a3b3-7c6b5502b9ed,congestion.haus,available,19.99,,high,low,10,name.com,,,
7833eca0-6a1a-4caa-bd33-109b96d0791e,abkhaz.haus,available,11.98,37.98,high,low,6,namecheap,,,
02a4be5f-7aab-4ab3-8c6d-99ccf2fc4f95,funds.haus,available,19.99,,high,low,5,name.com,,,
4d35f8d0-2333-46f9-ad8d-56d024529169,announces.haus,available,14.99,33.99,medium,low,9,namesilo,,,21/09/2026 01:47
19596c47-4023-45d2-bf94-c662943ab8e1,locks.haus,available,14.99,33.99,high,low,5,namesilo,,,16/09/2026 14:31
ee00979a-d9cf-4dc0-a93f-0f76331fd23f,jonson.haus,available,19.99,43.99,high,low,6,name.com,,,23/09/2026 07:26
1ab02ab6-0f3d-4e0c-a608-70fde62b9e27,deictic.haus,available,11.98,37.98,medium,low,7,namecheap,,,14/08/2026 00:12
54634cb1-dbd2-4462-8d5f-ffb96ae802aa,deletion.haus,available,11.98,37.98,high,low,8,namecheap,,,24/09/2026 21:34
01817b28-3c69-4abd-bf14-b698b1de62d2,bruckner.haus,resell,,,medium,low,8,Ledl.net GmbH & Co KG,07/06/2023 04:18,07/06/2027 04:18,26/09/2026 04:38
646de01c-de1b-4992-899b-22b20128ef8d,roar.haus,available,19.99,,high,low,4,name.com,,,
5d583e0f-db30-4f50-a72d-464d17b36c50,bluebottle.haus,available,14.99,33.99,medium,low,10,namesilo,,,21/09/2026 14:09
52acf6f0-795a-44ea-945b-c454545c2d1f,penumbral.haus,available,11.98,37.98,medium,low,9,namecheap,,,08/09/2026 15:25
a503c920-32ac-431d-aff1-8ad708f49bdb,egg.haus,available,19.99,,high,low,3,name.com,,,
a7f33f7d-991b-4a0f-8b2a-472161e6d523,mahan.haus,available,11.98,37.98,high,low,5,namecheap,,,18/09/2026 06:45
59341174-cdce-4b42-8e19-f13066eeb3d7,amusement.haus,available,14.99,33.99,high,low,9,namesilo,,,26/09/2026 00:23
50cc285f-0d5a-4e84-8b05-8f2b8414fb1e,wasteland.haus,available,11.98,37.98,medium,low,9,namecheap,,,08/08/2026 21:11
6cf233ee-4b4d-4e59-96e9-73c7f23f0ec0,belch.haus,available,14.99,33.99,medium,low,5,namesilo,,,23/09/2026 04:34
a2c9875c-6e09-40e0-9f81-02900f53d459,multiplayer.haus,available,19.99,,high,low,11,name.com,,,
282f2137-383e-47aa-b482-743f51d54b40,dorsum.haus,available,11.98,37.98,high,low,6,namecheap,,,08/08/2026 05:12
08d378c3-ff47-4911-89da-2a20bee0fb1a,intended.haus,available,14.99,33.99,high,low,8,namesilo,,,25/09/2026 09:53
0b54931b-d171-4733-80a4-a701f6049d93,whats.haus,available,11.98,37.98,medium,low,5,namecheap,,,20/09/2026 02:25
b9fd4df5-5f77-4609-9949-6ddeb8a92706,passports.haus,available,14.99,33.99,medium,low,9,namesilo,,,20/09/2026 09:52
3dd05244-e8f5-407c-8dcb-34e20e606d5b,saddam.haus,available,19.99,43.99,medium,low,6,name.com,,,25/09/2026 23:11
7e785372-158c-40c6-93e0-7de7c793f136,valueless.haus,available,11.98,37.98,medium,low,9,namecheap,,,13/09/2026 01:01
ab80fe41-0380-46fa-857e-3e026fb3ac06,straining.haus,available,11.98,37.98,medium,low,9,namecheap,,,10/09/2026 21:43
a986a0a3-a032-4832-89cc-36043cb4eba7,paraffin.haus,available,14.99,33.99,high,low,8,namesilo,,,18/09/2026 08:24
161021d0-bae1-4d04-858b-9c31c53b72db,acetyl.haus,available,14.99,33.99,medium,low,6,namesilo,,,17/09/2026 00:19
6c5c6655-1069-4a49-9a5e-811321230391,declared.haus,available,11.98,37.98,medium,low,8,namecheap,,,13/08/2026 21:46
abd07928-d230-4ecb-a6f2-e7935f3fb572,elliptic.haus,available,11.98,37.98,high,low,8,namecheap,,,15/08/2026 17:59
dcf5a553-b559-4011-9522-d4d4a9be8929,ataturk.haus,available,14.99,33.99,high,low,7,namesilo,,,20/09/2026 19:44
f6f6116f-5ee3-45f6-af4d-56b040bc0f4b,stinky.haus,available,11.98,37.98,high,low,6,namecheap,,,13/08/2026 05:18
662d52c3-c529-4c93-95be-c90771c6f681,francesca.haus,available,19.99,,high,low,9,name.com,,,
0539d1cc-7ecd-425a-ab40-6e01354f377b,downmarket.haus,available,11.98,37.98,medium,low,10,namecheap,,,14/08/2026 17:48
f4d8b42e-514b-4067-8fcf-5ddd8432d1ff,brighton.haus,available,11.98,37.98,high,low,8,namecheap,,,24/09/2026 10:19
144c7ff7-6b56-4d6c-8539-649dd6ab60a5,against.haus,available,19.99,,medium,low,7,name.com,,,
6f7e0efd-2966-45b2-9985-c746b56ffdde,joining.haus,available,11.98,37.98,high,low,7,namecheap,,,25/09/2026 23:20
e6c94802-ea44-4db2-95e0-e6658551dea1,discard.haus,available,19.99,,high,low,7,name.com,,,
b8bdfaab-49b8-47d8-a95f-108f038d1329,roaring.haus,available,11.98,37.98,high,low,7,namecheap,,,10/08/2026 19:21
9c0a48fc-a764-4efe-9920-c28244d945f5,georges.haus,available,14.99,33.99,high,low,7,namesilo,,,25/09/2026 15:05
3977e726-676c-48f3-aab8-d537ebf641a6,accord.haus,available,14.99,33.99,high,low,6,namesilo,,,16/09/2026 22:54
141235ea-ec9a-4b7d-ad5a-e00b208ea34a,victuals.haus,available,11.98,37.98,medium,low,8,namecheap,,,12/08/2026 18:52
4241ad57-4712-4dc1-9a6c-854aca8c56b2,arquebus.haus,available,19.99,43.99,high,low,8,name.com,,,20/09/2026 08:40
6fde5607-b6e3-4d04-bc39-fc09d01d9396,bluetooth.haus,available,19.99,,high,low,9,name.com,,,
ff7f91b5-3976-4d47-991e-490f1c021ff1,offstage.haus,available,11.98,37.98,high,low,8,namecheap,,,08/08/2026 06:14
5d67bc60-e9fe-4033-a0ac-ac128c61df43,plummet.haus,available,11.98,37.98,medium,low,7,namecheap,,,08/09/2026 21:42
d7138c21-31db-4db7-a4b6-d5bc0c5b41b3,chivalric.haus,available,11.98,37.98,high,low,9,namecheap,,,12/08/2026 06:09
4706525c-22fe-4f27-b05d-40d0d23afc16,turnovers.haus,available,14.99,33.99,medium,low,9,namesilo,,,19/09/2026 22:02
a59c07f0-31a0-445c-be90-6ab3915edcc6,freaking.haus,available,19.99,,medium,low,8,name.com,,,
7f2e889f-8dbf-4ea6-a8ae-13be6608d7fc,serene.haus,available,11.98,37.98,high,low,6,namecheap,,,11/08/2026 14:51
068adbd5-df1b-4fcc-a958-b66713a03b37,dimly.haus,available,11.98,37.98,medium,low,5,namecheap,,,14/09/2026 12:45
4b9e039e-2e82-4bbe-9ad3-6f435fbe53f1,lineage.haus,available,11.98,37.98,high,low,7,namecheap,,,08/09/2026 13:04
6be57cce-6993-40c0-bd60-816363d880a4,acerola.haus,available,14.99,33.99,medium,low,7,namesilo,,,16/09/2026 23:42
5acce50e-00ea-482b-9835-d3360541ab89,wintery.haus,available,11.98,37.98,medium,low,7,namecheap,,,13/09/2026 12:39
bdc3ec07-ed72-4e18-9f9b-90b8f4465054,reads.haus,available,14.99,33.99,medium,low,5,namesilo,,,19/09/2026 00:45
2c991dd1-5cd9-4477-92bd-e1816dbea910,elusive.haus,available,11.98,37.98,high,low,7,namecheap,,,08/08/2026 08:07
2c90ead6-bea0-4d64-a966-366e814c008e,speeds.haus,available,14.99,33.99,medium,low,6,namesilo,,,20/09/2026 02:30
f3e63128-cd22-41a0-a28a-e74b8f40125e,zeal.haus,available,14.99,33.99,high,low,4,namesilo,,,20/09/2026 03:17
afc1b5ef-1131-498d-8838-6e5e1d0cd4e5,tricksy.haus,available,11.98,37.98,medium,low,7,namecheap,,,13/08/2026 04:36
a3951cac-5244-4872-b2d5-dee9cfd7c052,unsleeping.haus,available,11.98,37.98,medium,low,10,namecheap,,,12/09/2026 20:02
c7a21323-ba4a-42c3-a1fc-854a97abfc69,augustine.haus,available,14.99,33.99,high,low,9,namesilo,,,21/09/2026 04:01
895659dc-d1de-492a-a9b9-89adb4635370,fore.haus,available,11.98,37.98,high,low,4,namecheap,,,18/08/2026 11:26
0d69f2bd-de13-46e7-90d7-47921d5cb25b,gain.haus,available,14.99,33.99,high,low,4,namesilo,,,23/09/2026 07:57
08d4eb9f-e3bf-4d20-baa0-1c50055d7e87,converted.haus,available,14.99,33.99,high,low,9,namesilo,,,23/09/2026 00:43
43f63699-611d-408a-984f-e0f133edc7c8,rollercoaster.haus,available,19.99,,medium,low,14,name.com,,,
ac0b1c3e-2039-4414-b34a-a87c955f1a84,endemic.haus,available,11.98,37.98,high,low,7,namecheap,,,07/08/2026 19:26
24197062-600c-4f92-ad58-4db95c708779,safest.haus,available,14.99,33.99,high,low,6,namesilo,,,20/09/2026 20:39
c58c747d-4dce-4e3c-bfe7-53fe9ed7c666,peacock.haus,available,,,high,high,7,,,,
42561361-f93a-448a-9ee9-4089cb83649e,armorial.haus,available,11.98,37.98,medium,low,8,namecheap,,,06/08/2026 20:15
7d591eaf-4cc3-438e-a0d1-f0aee854570c,ancestor.haus,available,11.98,37.98,high,low,8,namecheap,,,
c86107e8-1d99-4a64-b34e-607bfadd8884,swept.haus,available,11.98,37.98,high,low,5,namecheap,,,11/09/2026 05:44
ebc2c055-1cc4-4550-b790-a8faedd0b966,laminar.haus,available,11.98,37.98,high,low,7,namecheap,,,22/08/2026 19:07
a0ed29c5-2bc9-409f-89f2-ad0bb7af0902,blindly.haus,available,11.98,37.98,medium,low,7,namecheap,,,14/09/2026 00:21
2606cbbb-e453-426d-a927-3b9919e6797a,horrible.haus,available,11.98,37.98,high,low,8,namecheap,,,18/08/2026 15:44
454476d5-95cc-43af-9c15-60a899e3e3aa,audiology.haus,available,14.99,33.99,high,low,9,namesilo,,,21/09/2026 02:56
4f3b8514-4ca7-4615-9820-766e6fbdbbad,stoic.haus,available,11.98,37.98,high,low,5,namecheap,,,10/09/2026 20:57
d045b214-fbeb-4c92-b936-17ddac4e94ba,docket.haus,available,14.99,33.99,high,low,6,namesilo,,,17/09/2026 17:03
dd2b387b-3538-4393-861a-a46769f656a4,waggon.haus,available,11.98,37.98,high,low,6,namecheap,,,22/09/2026 19:02
3e4d1862-c746-48b6-8c5a-268d1b1d4c18,tactically.haus,available,14.99,33.99,medium,low,10,namesilo,,,16/09/2026 07:46
25555428-4e00-40eb-918a-2f49ffd98203,ugandan.haus,available,11.98,37.98,high,low,7,namecheap,,,11/09/2026 22:40
5ca8dab6-6229-40b3-92f4-726446a62199,insult.haus,available,11.98,37.98,high,low,6,namecheap,,,17/09/2026 14:53
9e9c6de7-a67a-4d88-b51d-54314c47d058,sincere.haus,available,11.98,37.98,high,low,7,namecheap,,,24/09/2026 13:03
1a238b54-26f1-4c5e-bcb7-bb4beaeeec2d,appetency.haus,available,14.99,33.99,medium,low,9,namesilo,,,19/09/2026 20:43
d5111b83-dd6d-4f6a-9c4d-3da10fc49ac9,sheeny.haus,available,11.98,37.98,high,low,6,namecheap,,,20/08/2026 14:32
aeca01a5-5abe-4148-b684-aad5f61c821d,schedule.haus,available,14.99,33.99,high,low,8,namesilo,,,17/09/2026 17:04
3103b55b-a83e-4c10-9ad5-ddf8621b825c,dishonest.haus,available,11.98,37.98,medium,low,9,namecheap,,,11/08/2026 03:44
5332dee0-b618-4273-8fc2-e4f8a0618b93,arrogance.haus,available,14.99,33.99,high,low,9,namesilo,,,20/09/2026 09:19
d837b27b-7567-4809-b3ee-bce0ac0f3275,idk.haus,available,19.99,,medium,low,3,name.com,,,
6f6bbe82-23a1-424c-87c8-4bd1887708b5,muzzy.haus,available,11.98,37.98,medium,low,5,namecheap,,,10/08/2026 16:24
ead2b6ac-6fd1-4d54-8eb7-87cafc656a73,donation.haus,available,19.99,,high,low,8,name.com,,,
c03849ac-36e8-4bcd-ad90-8af82a8c8e25,thereof.haus,available,14.99,33.99,medium,low,7,namesilo,,,16/09/2026 08:41
30ae4263-f073-4072-ac4b-cab6312efb0c,alces.haus,available,14.99,33.99,high,low,5,namesilo,,,18/09/2026 03:55
ba0168aa-ad89-4537-8307-bdccac5cbcc5,carpus.haus,available,14.99,33.99,medium,low,6,namesilo,,,20/09/2026 11:32
9177feca-715d-47e8-b770-eabebd475416,buttoned.haus,available,11.98,37.98,medium,low,8,namecheap,,,11/08/2026 11:58
2d093bab-6b32-4187-b2e0-71210dd2d474,interviewee.haus,available,19.99,,medium,low,11,name.com,,,
0198db8a-5c4b-4cae-ad2f-c8d6688dab08,persuasive.haus,available,11.98,37.98,high,low,10,namecheap,,,08/09/2026 18:05
5fa624da-c47b-4bb1-9ac0-019b656eb6e6,raving.haus,available,11.98,37.98,high,low,6,namecheap,,,15/09/2026 22:43
5336b288-50b9-4910-8e14-2de74d0cd1ea,pernickety.haus,available,11.98,37.98,medium,low,10,namecheap,,,08/09/2026 17:52
fad0fbcd-8062-4006-aead-03e4093ba531,palestine.haus,available,,,high,high,9,,,,
0c0c0532-0924-4ef2-ab2a-d2b6cb07ade8,sioux.haus,available,11.98,37.98,high,low,5,namecheap,,,10/09/2026 08:46
00580e9e-3fc6-4b31-a432-788e6ff5e3c8,norwich.haus,available,14.99,33.99,high,low,7,namesilo,,,25/09/2026 14:43
79f4f82d-8204-4c35-9294-c88dba9241be,tito.haus,available,14.99,33.99,high,low,4,namesilo,,,25/09/2026 23:21
33472f3b-6879-41ba-9408-e0177104aa6d,ambitions.haus,available,14.99,33.99,medium,low,9,namesilo,,,20/09/2026 04:21
40b90d2d-5272-4d1a-9667-c345a047a3a5,beduin.haus,available,11.98,37.98,medium,low,6,namecheap,,,22/09/2026 23:27
1650d709-6bbe-4a1f-9b62-f38c4fef90a6,sunburnt.haus,available,11.98,37.98,medium,low,8,namecheap,,,11/09/2026 01:48
ab7aa65b-5bbf-4989-a3f4-0568bef62598,graft.haus,available,14.99,33.99,high,low,5,namesilo,,,24/09/2026 10:15
8c918a68-572c-4061-bab5-fd68d6cd3dbf,decreasing.haus,available,11.98,37.98,medium,low,10,namecheap,,,13/08/2026 22:12
6b05ab2c-8ada-4a9f-85c1-ce9efac38fb5,morbid.haus,available,11.98,37.98,medium,low,6,namecheap,,,14/08/2026 10:10
503d785f-4085-419b-9134-883d5f781ab4,geographic.haus,available,11.98,37.98,high,low,10,namecheap,,,18/08/2026 22:27
d1087cbe-4bd2-49b4-ac81-4d101effe3f6,grudging.haus,available,11.98,37.98,medium,low,8,namecheap,,,20/08/2026 20:31
86bb8332-144a-4e19-be62-6f8181fe176b,arriving.haus,available,19.99,,medium,low,8,name.com,,,
f92384ad-c220-44f6-a3e0-220db37152ce,exhale.haus,available,19.99,,high,low,6,name.com,,,
a45fa8ed-be0c-483c-8052-eafb8e8b43ba,distress.haus,available,19.99,,high,low,8,name.com,,,
bbc436f2-4672-474c-a9b7-0ff907edfba7,carols.haus,available,11.98,37.98,medium,low,6,namecheap,,,17/09/2026 18:54
49acbad3-0b80-4755-8211-bbeceec0c639,longways.haus,available,11.98,37.98,medium,low,8,namecheap,,,22/08/2026 23:44
8a9b0a9a-0171-477d-b740-bac35e9cc421,kilometre.haus,available,19.99,,high,low,9,name.com,,,
42289714-2a24-49df-8822-2c2110c9118a,kodiak.haus,available,14.99,33.99,high,low,6,namesilo,,,18/09/2026 02:05
4103cbe4-eef8-4701-9db4-269ab438363c,ruckle.haus,available,11.98,37.98,medium,low,6,namecheap,,,13/08/2026 07:12
c93458a5-6a29-4d1e-89f1-648a50bd1dac,maniacal.haus,available,11.98,37.98,medium,low,8,namecheap,,,24/08/2026 14:55
44fd1fdd-6db5-4be8-bd8e-9186f3c079a2,nicky.haus,available,19.99,,high,low,5,name.com,,,
23c85394-545d-4cc4-a141-683ebbc25390,septet.haus,available,11.98,37.98,medium,low,6,namecheap,,,
65b815d9-7bb3-4915-8397-48403005c8aa,sportsperson.haus,available,14.99,33.99,high,low,12,namesilo,,,16/09/2026 08:58
c1023824-418a-40ec-a910-f1e1dc53332a,tattler.haus,available,11.98,37.98,medium,low,7,namecheap,,,11/09/2026 10:30
7dafbf16-c482-4f61-a274-f79d406e78b2,anorectal.haus,available,11.98,37.98,medium,low,9,namecheap,,,
46a08ef7-fdf3-4ec7-bf44-c889dc499b62,antilles.haus,available,11.98,37.98,high,low,8,namecheap,,,19/09/2026 14:37
88ea4396-0bed-44cc-a680-90eb6549d62b,aneurism.haus,available,14.99,33.99,medium,low,8,namesilo,,,19/09/2026 05:43
26da7cdc-7692-4562-8809-d50dd02a145b,acquire.haus,available,14.99,33.99,high,low,7,namesilo,,,25/09/2026 03:22
ff3f2dfc-eb92-4432-8b15-3775c5b7a6cc,replicate.haus,available,11.98,37.98,high,low,9,namecheap,,,14/08/2026 21:26
23d664fa-23fc-46b9-9fb6-86e3d48e1067,batrachian.haus,available,11.98,37.98,medium,low,10,namecheap,,,05/08/2026 20:53
3540f804-72ad-442b-9d56-8c10de54c60a,perforation.haus,available,19.99,,high,low,11,name.com,,,
46e9dc51-34cd-49db-a503-9f0e9790ba37,nonlethal.haus,available,11.98,37.98,medium,low,9,namecheap,,,03/09/2026 19:40
5afcc29c-aeda-4060-b982-8a886596ea7b,archbishop.haus,available,14.99,33.99,medium,low,10,namesilo,,,20/09/2026 01:46
a0505cf8-a865-4bf9-ad7c-a01ec70e674d,germfree.haus,available,11.98,37.98,medium,low,8,namecheap,,,18/08/2026 22:48
14338bff-5af3-4ed0-a97d-6094a4f0ed3d,dogsledding.haus,available,11.98,37.98,medium,low,11,namecheap,,,20/09/2026 01:02
5e7c8e7e-9959-456c-a7bc-d20316ccefc3,downstream.haus,available,11.98,37.98,high,low,10,namecheap,,,14/08/2026 17:59
8ffa8d90-fe3d-4d70-a69d-e0ceefe7c3b1,enthusiast.haus,available,11.98,37.98,high,low,10,namecheap,,,08/09/2026 02:16
2ad388a4-1a0a-4d2d-95df-4036b1b2b335,racy.haus,available,11.98,37.98,medium,low,4,namecheap,,,18/08/2026 18:00
e7d7533f-ec7f-4c66-b3d1-5aa5c288cf9a,stonewalls.haus,available,11.98,37.98,medium,low,10,namecheap,,,20/09/2026 14:03
3b3be036-5e4c-44a8-9c79-17c9fb270124,warily.haus,available,14.99,33.99,medium,low,6,namesilo,,,16/09/2026 11:20
7503243a-60f9-401a-844e-6afde0067cea,tacitly.haus,available,14.99,33.99,medium,low,7,namesilo,,,16/09/2026 07:43
71955ffc-b50c-4763-96a2-5e8f258cf8dc,buzzing.haus,available,11.98,37.98,high,low,7,namecheap,,,
53c66494-067a-40bb-bdfc-7360b15bac9b,activator.haus,available,14.99,33.99,high,low,9,namesilo,,,17/09/2026 05:10
61974b11-3c02-4894-9665-87c8998e7152,agonizing.haus,available,11.98,37.98,high,low,9,namecheap,,,
225d902d-7bb3-4eea-bd19-1e9fae293ec0,atm.haus,available,14.99,33.99,high,low,3,namesilo,,,20/09/2026 18:44
66713aac-88f4-4493-9bb7-cb573cd3a384,chemistry.haus,available,14.99,33.99,high,low,9,namesilo,,,25/09/2026 04:08
942da485-1762-4329-bae6-3c8bb46831c6,profile.haus,available,19.99,,high,low,7,name.com,,,
1e335783-6026-4f2b-9fc6-3874995c1611,italic.haus,available,11.98,37.98,high,low,6,namecheap,,,22/08/2026 11:37
a6af2228-9c39-4c95-8f47-2e387e73de11,sate.haus,available,11.98,37.98,medium,low,4,namecheap,,,09/09/2026 14:30
68c982d5-e7db-4e33-a200-ba30694026be,reputable.haus,available,11.98,37.98,high,low,9,namecheap,,,09/09/2026 14:45
1697d812-c247-4635-91b8-ae4c82fb6503,hemorrhage.haus,available,14.99,33.99,high,low,10,namesilo,,,24/09/2026 05:28
d8afeb06-ee68-4659-a43a-de405063cf24,contrite.haus,available,11.98,37.98,high,low,8,namecheap,,,12/08/2026 23:34
074db5e5-8b61-46f5-baba-b5888929938e,ixc.haus,available,11.98,37.98,medium,low,3,namecheap,,,
d7bf4468-1b90-4f0a-8ca6-7abbe72a2b8a,assay.haus,available,14.99,33.99,high,low,5,namesilo,,,20/09/2026 15:54
e96bc893-f120-4c14-b705-cdfe023ea61b,astray.haus,available,11.98,37.98,medium,low,6,namecheap,,,13/09/2026 22:14
85741bbb-42b8-4ae6-9727-17efb75f11f3,embonpoint.haus,available,11.98,37.98,medium,low,10,namecheap,,,12/08/2026 07:33
9a3ab222-075f-4ffb-8a4a-0fd4e642881d,chinchy.haus,available,11.98,37.98,low,low,7,namecheap,,,12/08/2026 05:42
d2aec7f1-413f-4d70-82cc-39c03d5de561,spoof.haus,available,14.99,33.99,high,low,5,namesilo,,,23/09/2026 11:26
153f34d2-0607-441d-a1aa-0e076b2f55a7,billion.haus,available,11.98,37.98,high,low,7,namecheap,,,22/09/2026 20:43
32a0ad9c-699d-4630-8702-89d79e1f3c11,expertise.haus,available,19.99,,high,low,9,name.com,,,
7f533548-643f-4fa1-af20-f5f5807dd5eb,offenses.haus,available,14.99,33.99,low,low,8,namesilo,,,20/09/2026 10:35
11415428-189e-4a48-b9d7-cf47b970dc6d,agave.haus,available,14.99,33.99,high,low,5,namesilo,,,17/09/2026 16:37
3781ad8a-5ec3-4e6d-a2af-5d9acd49b517,walk.haus,available,14.99,33.99,high,low,4,namesilo,,,25/09/2026 15:17
c878e5db-cabd-44d8-ae1f-f4de90e51cf2,multipurpose.haus,available,19.99,,medium,low,13,name.com,,,
a98394c0-d695-4647-aa93-22a8102dccd4,borrow.haus,available,19.99,,high,low,6,name.com,,,
4f9b6fcf-f9d0-4251-860c-9730d93fef65,happens.haus,available,19.99,,medium,low,7,name.com,,,
1e3f18d2-c747-45b4-b633-874e485364d3,incestuous.haus,available,11.98,37.98,medium,low,10,namecheap,,,22/08/2026 01:12
ca63852e-1a8a-456f-9ce2-fa113f6c34e2,blanket.haus,available,11.98,37.98,high,low,7,namecheap,,,08/09/2026 07:17
211f6900-86a2-428b-b8c2-641b9210ffce,bangs.haus,available,14.99,33.99,medium,low,5,namesilo,,,16/09/2026 16:40
3b69eb66-7c15-42a0-aff0-55c9a8aa3ecc,literally.haus,available,19.99,,high,low,9,name.com,,,
a7b364cb-27b7-4d69-a541-3d6070a48644,stale.haus,available,11.98,37.98,medium,low,5,namecheap,,,10/09/2026 18:24
ef8e691e-064e-42c4-8bd3-279dbce3c857,bodacious.haus,available,11.98,37.98,high,low,9,namecheap,,,10/08/2026 16:42
bfe5f78b-bfe2-4064-8b0f-f86d18aa1357,dashingly.haus,available,11.98,37.98,medium,low,9,namecheap,,,14/09/2026 10:41
464ed8a5-1ba3-4722-b928-7b28564d710b,ecumenical.haus,available,11.98,37.98,medium,low,10,namecheap,,,15/08/2026 04:38
13459c0a-a21c-4b56-81a0-e3e71ba9023e,orthogonal.haus,available,11.98,37.98,high,low,10,namecheap,,,17/08/2026 19:23
44a443b8-a3e4-466c-8a5a-33a9585d7eff,hectically.haus,available,11.98,37.98,medium,low,10,namecheap,,,14/09/2026 20:02
123559f2-f3a2-407f-8801-395c5c056c97,agone.haus,available,11.98,37.98,medium,low,5,namecheap,,,
bcd567f8-93e2-4039-bad1-e9721c30f1c7,burnside.haus,available,11.98,37.98,high,low,8,namecheap,,,16/09/2026 12:53
f30935e0-2d69-4a4e-8b5f-224422754ace,outing.haus,available,19.99,,high,low,6,name.com,,,
5fd56841-42d7-4379-9b18-83bc6c1ed5ca,baruch.haus,available,14.99,33.99,medium,low,6,namesilo,,,22/09/2026 09:33
1d20b555-c061-41ae-a089-3e2e8cff9cb5,bellowing.haus,available,14.99,33.99,medium,low,9,namesilo,,,23/09/2026 06:18
5206d22d-a1ed-4af8-9bdc-7c60664302f4,tenderly.haus,available,14.99,33.99,high,low,8,namesilo,,,16/09/2026 08:17
d3beda34-537f-4004-8080-b46a66a7cb9c,him.haus,available,19.99,,high,low,3,name.com,,,
0b73bb42-e693-4b64-816f-b137bd4c0aef,decayed.haus,available,11.98,37.98,medium,low,7,namecheap,,,13/08/2026 20:59
090048fa-4bf8-403a-bfa9-689df75f0e79,plumbing.haus,available,14.99,33.99,high,low,8,namesilo,,,22/09/2026 13:57
ec29750c-acdf-4556-a53b-56f5bc52f1a2,absurdity.haus,available,14.99,33.99,high,low,9,namesilo,,,16/09/2026 18:39
422c9d3a-9219-46ba-867c-c6444f0c410c,areola.haus,available,14.99,33.99,medium,low,6,namesilo,,,20/09/2026 03:49
269f7598-96a9-4904-9a15-3f011a2dd10f,between.haus,available,19.99,,high,low,7,name.com,,,
d278dcd9-86e9-4ecb-a7db-c44dc9abe3df,equipment.haus,available,14.99,33.99,high,low,9,namesilo,,,25/09/2026 10:35
5a4e0ebb-7785-4fa0-94a0-2f608cccfe2e,airlock.haus,available,14.99,33.99,high,low,7,namesilo,,,17/09/2026 22:33
4147c7d5-b57c-40d3-b541-df0bebeb8ad1,embracing.haus,available,19.99,,high,low,9,name.com,,,
216b7bb2-2b8e-4a97-965b-dd94b14da02e,ordained.haus,available,11.98,37.98,medium,low,8,namecheap,,,13/08/2026 22:16
67b0ee07-d277-43b7-bff6-694a8cbfaf3e,nowise.haus,available,11.98,37.98,low,low,6,namecheap,,,15/09/2026 17:05
f4951e3b-4379-4380-87ab-70f2fe8a9b2c,uptill.haus,available,11.98,37.98,low,low,7,namecheap,,,16/09/2026 20:20
436acca0-1ffe-4a19-919b-15dc5641d906,psychical.haus,available,11.98,37.98,medium,low,9,namecheap,,,09/09/2026 05:07
120ace05-cb78-4190-bfff-8be03c2940c3,chancel.haus,available,14.99,33.99,high,low,7,namesilo,,,23/09/2026 07:13
d7bd995c-7724-41b4-ba63-cf2c220cb1b3,abbot.haus,available,14.99,33.99,medium,low,5,namesilo,,,16/09/2026 14:31
81e8fc0f-764e-4442-82b7-4b8c8422c7c5,agenda.haus,available,14.99,33.99,high,low,6,namesilo,,,17/09/2026 17:02
c7ddf73c-e71f-41e6-a939-522253eb5c04,eolotropic.haus,available,11.98,37.98,medium,low,10,namecheap,,,
a10251d8-a6cf-4e4b-b313-a510f483a4bb,smaller.haus,available,14.99,33.99,high,low,7,namesilo,,,25/09/2026 14:03
bdc4b15f-742a-4904-8ffe-33ac8f9c20b3,achievable.haus,available,14.99,33.99,high,low,10,namesilo,,,21/09/2026 15:42
e611ef4a-f6ab-4b10-9c64-33771d8be1f9,hone.haus,available,11.98,37.98,high,low,4,namecheap,,,08/09/2026 16:29
182f269e-b05d-4a67-b345-82236c2adb6d,aerate.haus,available,11.98,37.98,high,low,6,namecheap,,,17/09/2026 21:35
3531dada-9314-4ad3-9142-f921098c9607,advisors.haus,available,14.99,33.99,medium,low,8,namesilo,,,24/09/2026 14:22
f9897f5a-002e-4114-a73f-323e1487753b,rand.haus,available,14.99,33.99,high,low,4,namesilo,,,21/09/2026 10:39
7d47aedc-97e6-4869-b7e9-13445fdb1fef,krupp.haus,available,11.98,37.98,high,low,5,namecheap,,,18/09/2026 06:37
5c7035c0-f089-413c-b98f-aac93504a9c6,warty.haus,available,11.98,37.98,medium,low,5,namecheap,,,13/09/2026 04:24
da802ac7-2d44-4c59-a0a9-2ab2241808e7,profiled.haus,available,14.99,33.99,medium,low,8,namesilo,,,21/09/2026 10:04
3d6fd56e-8c47-4f93-94a2-6116b2e4dc93,kweek.haus,available,11.98,37.98,medium,low,5,namecheap,,,21/09/2026 18:35
fa1e8afb-a478-4538-b44f-29b12a17f39d,proceed.haus,available,19.99,,high,low,7,name.com,,,
d23a45b6-8da3-4997-865a-004033338914,newsworthy.haus,available,11.98,37.98,high,low,10,namecheap,,,03/09/2026 16:53
33d0dc44-f5a8-4eab-8a6d-90a02ba4acec,alabaster.haus,available,11.98,37.98,high,low,9,namecheap,,,
aed59c94-9a3d-481d-ae2a-7f31cdaad3c3,annoying.haus,available,14.99,33.99,high,low,8,namesilo,,,22/09/2026 05:19
c6a35a77-e3de-4b2f-9560-6e1bf0ddcd8d,nodding.haus,available,11.98,37.98,high,low,7,namecheap,,,12/08/2026 00:48
8ae42811-4840-41eb-9ae8-7ab9872b279f,bartok.haus,available,14.99,33.99,medium,low,6,namesilo,,,22/09/2026 09:23
ec1416e6-5a39-489e-81b0-6816c630a8fa,knowing.haus,available,11.98,37.98,high,low,7,namecheap,,,25/09/2026 10:04
078ef66b-c7fb-4c31-9ab9-e46c0d3602fb,birling.haus,available,11.98,37.98,medium,low,7,namecheap,,,23/09/2026 20:48
738324f1-e199-4908-a878-3d05d7d6281d,studious.haus,available,11.98,37.98,high,low,8,namecheap,,,10/08/2026 19:10
eaada7c4-949f-4778-bd56-1371fd4e3f38,appetence.haus,available,14.99,33.99,medium,low,9,namesilo,,,19/09/2026 20:44
4d439e29-3954-46bd-8c2f-a04fe089a9e1,row.haus,available,14.99,33.99,high,low,3,namesilo,,,25/09/2026 05:05
02b8d45a-89e2-4efd-bf81-1cc8ec5d937b,dalliance.haus,available,11.98,37.98,medium,low,9,namecheap,,,11/09/2026 19:38
4ae89e5d-3546-40ba-a4d5-8b0422cc417d,liii.haus,available,11.98,37.98,medium,low,4,namecheap,,,
2922ebe7-57ae-49d9-93f4-29a725df839e,knows.haus,available,11.98,37.98,medium,low,5,namecheap,,,25/09/2026 02:31
9c6f0a2e-4b7a-4b6f-a0e2-54617772e179,moneron.haus,available,11.98,37.98,medium,low,7,namecheap,,,25/08/2026 04:30
f64708c2-b147-4c1e-ad25-58b9bae03deb,dependent.haus,available,11.98,37.98,high,low,9,namecheap,,,14/08/2026 02:06
4c4d8e00-be0d-4f2d-acae-553260beb45a,talked.haus,available,14.99,33.99,medium,low,6,namesilo,,,18/09/2026 13:42
24248d99-537d-4d22-adba-5d5c9aa88b0e,bubbly.haus,available,11.98,37.98,high,low,6,namecheap,,,11/08/2026 07:16
50f948b2-3863-4859-9cb3-75b2d983bd48,antiquated.haus,available,11.98,37.98,medium,low,10,namecheap,,,
7acb11c9-b683-4640-9212-c771704951b9,acuity.haus,available,14.99,33.99,high,low,6,namesilo,,,17/09/2026 05:29
d1235eb1-672f-485d-9d70-c8053d7076b4,cleaners.haus,available,11.98,37.98,high,low,8,namecheap,,,24/09/2026 15:26
70e382e2-255c-452f-b88f-15627ff8b46b,occidental.haus,available,11.98,37.98,medium,low,10,namecheap,,,21/08/2026 07:25
0dc766bf-c6f1-43e6-af6e-2618013f04be,surrounded.haus,available,11.98,37.98,high,low,10,namecheap,,,16/08/2026 22:16
1af45d75-cf3b-40ac-a76c-f045fc95a592,aflare.haus,available,11.98,37.98,medium,low,6,namecheap,,,
18bafb84-fe95-42c1-815f-239c33b9db7d,hobby.haus,premium,854,854,high,low,5,namesilo,,,21/09/2026 09:40
25665b4b-5ea3-4238-b619-1b3980170557,bismarck.haus,available,14.99,33.99,high,low,8,namesilo,,,23/09/2026 22:03
443ca48e-ae07-4f75-aa63-70a0e8875acf,pathologic.haus,available,11.98,37.98,medium,low,10,namecheap,,,14/08/2026 10:11
19fa5f1d-a364-41b5-be87-022a989540c3,impaired.haus,available,11.98,37.98,medium,low,8,namecheap,,,21/08/2026 21:40
3184e808-d5af-404d-9c87-31557da5c064,overlooked.haus,available,11.98,37.98,high,low,10,namecheap,,,04/09/2026 21:04
88585d29-2d76-48b2-ae73-615183adc0f0,goshawk.haus,available,14.99,33.99,medium,low,7,namesilo,,,16/09/2026 22:31
eed694e2-6052-4e4a-98ec-bcc687fe2bc6,categorical.haus,available,19.99,,high,low,11,name.com,,,
838f3d1b-9a4f-4d82-b98e-000cf2496c89,epistolary.haus,available,11.98,37.98,high,low,10,namecheap,,,17/08/2026 11:14
a89163d3-81f7-4698-a043-bc5895444186,dogtooth.haus,available,11.98,37.98,high,low,8,namecheap,,,11/08/2026 17:01
fcb018e5-6e75-47d2-9a0b-8b544e166510,fagged.haus,available,11.98,37.98,low,low,6,namecheap,,,14/08/2026 14:47
b2d7ed31-3018-4e53-862c-766d636fafb7,bituminous.haus,available,11.98,37.98,high,low,10,namecheap,,,10/08/2026 08:53
e7f6b73f-be8d-4767-9b04-6679141ee374,wobbling.haus,available,11.98,37.98,medium,low,8,namecheap,,,13/09/2026 12:52
de4640b8-1f18-40d8-be29-eddee1a044ea,papist.haus,available,11.98,37.98,medium,low,6,namecheap,,,05/09/2026 01:35
ac198131-605a-4325-811a-562b74d023f6,most.haus,available,11.98,37.98,high,low,4,namecheap,,,25/09/2026 21:48
2c3bc69b-4884-430d-9cd3-6e2bc406ed8a,facing.haus,available,19.99,,high,low,6,name.com,,,
c869fba6-5350-4356-bdab-0a35e42acd39,whiteboard.haus,available,19.99,,high,low,10,name.com,,,